-- phpMyAdmin SQL Dump
-- version 5.2.0
-- https://www.phpmyadmin.net/
--
-- Host: 127.0.0.1
-- Generation Time: Nov 01, 2022 at 04:41 AM
-- Server version: 10.4.24-MariaDB
-- PHP Version: 8.1.6

SET SQL_MODE = "NO_AUTO_VALUE_ON_ZERO";
START TRANSACTION;
SET time_zone = "+00:00";


/*!40101 SET @OLD_CHARACTER_SET_CLIENT=@@CHARACTER_SET_CLIENT */;
/*!40101 SET @OLD_CHARACTER_SET_RESULTS=@@CHARACTER_SET_RESULTS */;
/*!40101 SET @OLD_COLLATION_CONNECTION=@@COLLATION_CONNECTION */;
/*!40101 SET NAMES utf8mb4 */;

--
-- Database: `polstore`
--

-- --------------------------------------------------------

--
-- Table structure for table `availability`
--

CREATE TABLE `availability` (
  `id` int(11) NOT NULL,
  `name` varchar(255) NOT NULL,
  `timestamp` timestamp NOT NULL DEFAULT current_timestamp()
) ENGINE=InnoDB DEFAULT CHARSET=utf8mb4;

--
-- Dumping data for table `availability`
--

INSERT INTO `availability` (`id`, `name`, `timestamp`) VALUES
(1, 'OWN', '2022-10-28 14:00:28'),
(2, 'LOAN', '2022-10-28 14:00:36');

-- --------------------------------------------------------

--
-- Table structure for table `brand`
--

CREATE TABLE `brand` (
  `id` int(11) NOT NULL,
  `name` varchar(255) NOT NULL,
  `timestamp` timestamp NOT NULL DEFAULT current_timestamp()
) ENGINE=InnoDB DEFAULT CHARSET=utf8mb4;

--
-- Dumping data for table `brand`
--

INSERT INTO `brand` (`id`, `name`, `timestamp`) VALUES
(1, 'MOTOROLA', '0000-00-00 00:00:00'),
(2, 'SANCHAR', '0000-00-00 00:00:00'),
(3, 'REXON', '0000-00-00 00:00:00'),
(4, 'KENWOOD', '0000-00-00 00:00:00'),
(5, 'PHILIPS', '0000-00-00 00:00:00'),
(6, 'SIMOCO', '0000-00-00 00:00:00'),
(7, 'ANYTONE', '0000-00-00 00:00:00'),
(8, 'HYT', '0000-00-00 00:00:00'),
(9, 'ICOM STATIC ICF5023', '0000-00-00 00:00:00'),
(10, 'VERTEX ', '0000-00-00 00:00:00');

-- --------------------------------------------------------

--
-- Table structure for table `categories`
--

CREATE TABLE `categories` (
  `id` int(11) UNSIGNED NOT NULL,
  `name` varchar(60) NOT NULL,
  `timestamp` timestamp NOT NULL DEFAULT current_timestamp()
) ENGINE=InnoDB DEFAULT CHARSET=utf8;

--
-- Dumping data for table `categories`
--

INSERT INTO `categories` (`id`, `name`, `timestamp`) VALUES
(1, 'Repeater LB', '0000-00-00 00:00:00'),
(2, 'Repeater HB', '0000-00-00 00:00:00'),
(3, 'Repeater UHF', '0000-00-00 00:00:00'),
(4, 'STATIC VHF RADIO LB', '0000-00-00 00:00:00'),
(5, 'STATIC VHF RADIO HB', '0000-00-00 00:00:00'),
(6, 'STATIC UHF RADIO', '0000-00-00 00:00:00'),
(7, 'STATIC HF RADIO', '0000-00-00 00:00:00'),
(8, 'HANDHELD VHF RADIO HB', '0000-00-00 00:00:00'),
(9, 'HANDHELD UHF RADIO', '0000-00-00 00:00:00');

-- --------------------------------------------------------

--
-- Table structure for table `dep_point`
--

CREATE TABLE `dep_point` (
  `id` int(11) NOT NULL,
  `name` varchar(255) NOT NULL,
  `static` tinyint(1) NOT NULL DEFAULT 1,
  `reference` varchar(255) NOT NULL,
  `timestamp` timestamp NOT NULL DEFAULT current_timestamp()
) ENGINE=InnoDB DEFAULT CHARSET=utf8mb4;

--
-- Dumping data for table `dep_point`
--

INSERT INTO `dep_point` (`id`, `name`, `static`, `reference`, `timestamp`) VALUES
(1, 'Sentry', 1, '', '2022-10-31 05:19:20'),
(2, 'Mobile 1', 1, '', '2022-10-31 05:19:22'),
(3, 'Mobile 2', 1, '', '2022-10-31 05:19:24'),
(4, 'IPSHO Mobile', 1, '', '2022-10-31 05:19:27'),
(5, 'Striker 1', 1, '', '2022-10-31 05:19:34'),
(6, 'Striker 2', 1, '', '2022-10-31 05:19:43');

-- --------------------------------------------------------

--
-- Table structure for table `location`
--

CREATE TABLE `location` (
  `id` int(11) NOT NULL,
  `subdivision_id` int(11) NOT NULL,
  `office` varchar(255) NOT NULL,
  `level` int(11) NOT NULL,
  `timestamp` timestamp NOT NULL DEFAULT current_timestamp()
) ENGINE=InnoDB DEFAULT CHARSET=utf8mb4;

--
-- Dumping data for table `location`
--

INSERT INTO `location` (`id`, `subdivision_id`, `office`, `level`, `timestamp`) VALUES
(1, 2, 'Malappuram Police Station', 1, '0000-00-00 00:00:00'),
(2, 2, 'Vengara Police Station', 1, '0000-00-00 00:00:00'),
(3, 2, 'Manjeri Police Station', 1, '0000-00-00 00:00:00'),
(4, 2, 'Kottakkal Police Station', 1, '0000-00-00 00:00:00'),
(5, 3, 'Kondotty Police Station', 1, '0000-00-00 00:00:00'),
(6, 3, 'Vazhakkad Police Station', 1, '0000-00-00 00:00:00'),
(7, 3, 'Karipur Police Station', 1, '0000-00-00 00:00:00'),
(8, 3, 'Areekode Police Station', 1, '0000-00-00 00:00:00'),
(9, 3, 'Thenhipalam Police Station', 1, '0000-00-00 00:00:00'),
(10, 4, 'Perinthalmanna Police Station', 1, '0000-00-00 00:00:00'),
(11, 4, 'Kolathur Police Station', 1, '0000-00-00 00:00:00'),
(12, 4, 'Mankada Police staation', 1, '0000-00-00 00:00:00'),
(13, 4, 'Pandikkad Police Station', 1, '0000-00-00 00:00:00'),
(14, 4, 'Melattur Police Station', 1, '0000-00-00 00:00:00'),
(15, 4, 'Karuvarakundu Police Station', 1, '0000-00-00 00:00:00'),
(16, 5, 'Nilambur Police Station', 1, '0000-00-00 00:00:00'),
(17, 5, 'Wandoor Police Station', 1, '0000-00-00 00:00:00'),
(18, 5, 'Edavanna Police Station', 1, '0000-00-00 00:00:00'),
(19, 5, 'Kalikavu Police Station', 1, '0000-00-00 00:00:00'),
(20, 5, 'Pookottumpadam Police Station', 1, '0000-00-00 00:00:00'),
(21, 5, 'Edakkara Police Station', 1, '0000-00-00 00:00:00'),
(22, 5, 'Pothukal Police Station', 1, '0000-00-00 00:00:00'),
(23, 5, 'Vazhikadavu Police Station', 1, '0000-00-00 00:00:00'),
(24, 6, 'Tirur Police Station', 1, '0000-00-00 00:00:00'),
(25, 6, 'Valanchery Police Station', 1, '0000-00-00 00:00:00'),
(26, 6, 'Kuttippuram Police Station', 1, '0000-00-00 00:00:00'),
(27, 6, 'Ponnani Police Station', 1, '0000-00-00 00:00:00'),
(28, 6, 'Changaramkulam Police Station', 1, '0000-00-00 00:00:00'),
(29, 6, 'Perumpadappu Police Station', 1, '0000-00-00 00:00:00'),
(30, 7, 'Thanoor Police Station', 1, '0000-00-00 00:00:00'),
(31, 7, 'Parappanangadi Police Station', 1, '0000-00-00 00:00:00'),
(32, 7, 'Thirurangadi Police Station', 1, '0000-00-00 00:00:00'),
(33, 7, 'Kalpakancheri Police Station', 1, '0000-00-00 00:00:00'),
(34, 7, 'Kadampuzha Police Station', 1, '0000-00-00 00:00:00'),
(35, 2, 'Malappuram Vanitha Police Station', 1, '0000-00-00 00:00:00'),
(36, 6, 'Ponnani Coastal Police Station', 1, '0000-00-00 00:00:00'),
(37, 1, 'Malappuram Cyber Crime Police Station', 1, '0000-00-00 00:00:00');

-- --------------------------------------------------------

--
-- Table structure for table `media`
--

CREATE TABLE `media` (
  `id` int(11) UNSIGNED NOT NULL,
  `file_name` varchar(255) NOT NULL,
  `file_type` varchar(100) NOT NULL,
  `timestamp` timestamp NOT NULL DEFAULT current_timestamp()
) ENGINE=InnoDB DEFAULT CHARSET=latin1;

-- --------------------------------------------------------

--
-- Table structure for table `model`
--

CREATE TABLE `model` (
  `id` int(11) NOT NULL,
  `name` varchar(255) NOT NULL,
  `model_brand_id` int(11) NOT NULL,
  `timestamp` timestamp NOT NULL DEFAULT current_timestamp()
) ENGINE=InnoDB DEFAULT CHARSET=utf8mb4;

--
-- Dumping data for table `model`
--

INSERT INTO `model` (`id`, `name`, `model_brand_id`, `timestamp`) VALUES
(1, 'GM 950', 1, '0000-00-00 00:00:00'),
(2, 'SCR 910 LV', 2, '0000-00-00 00:00:00'),
(3, 'SCR 910 HV', 3, '0000-00-00 00:00:00'),
(4, 'TKR 750', 2, '0000-00-00 00:00:00'),
(5, 'GM 338', 4, '0000-00-00 00:00:00'),
(6, 'GM950', 1, '0000-00-00 00:00:00'),
(7, 'GM3689', 1, '0000-00-00 00:00:00'),
(8, 'PRM80', 1, '0000-00-00 00:00:00'),
(9, 'GM338', 5, '0000-00-00 00:00:00'),
(10, 'GM300', 1, '0000-00-00 00:00:00'),
(11, '600', 1, '0000-00-00 00:00:00'),
(12, 'GP328', 10, '0000-00-00 00:00:00'),
(13, 'TK 2207S', 1, '0000-00-00 00:00:00'),
(14, 'GP338PLUS', 4, '0000-00-00 00:00:00'),
(15, 'GP338', 1, '0000-00-00 00:00:00');

-- --------------------------------------------------------

--
-- Table structure for table `products`
--

CREATE TABLE `products` (
  `id` int(11) UNSIGNED NOT NULL,
  `title` varchar(255) NOT NULL,
  `serial_number` varchar(255) NOT NULL,
  `availability_id` int(11) NOT NULL,
  `status_id` int(11) NOT NULL,
  `brand_id` int(11) NOT NULL,
  `model_id` int(11) NOT NULL,
  `categorie_id` int(11) NOT NULL,
  `location_id` int(11) NOT NULL,
  `dep_point_id` int(11) NOT NULL,
  `media_id` int(11) DEFAULT 0,
  `active` tinyint(1) NOT NULL DEFAULT 1,
  `remarks` varchar(255) DEFAULT NULL,
  `date` datetime NOT NULL,
  `timestamp` timestamp NOT NULL DEFAULT current_timestamp()
) ENGINE=InnoDB DEFAULT CHARSET=utf8;

--
-- Dumping data for table `products`
--

INSERT INTO `products` (`id`, `title`, `serial_number`, `availability_id`, `status_id`, `brand_id`, `model_id`, `categorie_id`, `location_id`, `dep_point_id`, `media_id`, `active`, `remarks`, `date`, `timestamp`) VALUES
(1, 'MOTOROLA GM 950 Repeater LB', 'KDFR128', 1, 1, 1, 1, 1, 0, 0, 0, 1, 'PANDALLUR REPEATER  ', '0000-00-00 00:00:00', '0000-00-00 00:00:00'),
(2, 'MOTOROLA GM 950 Repeater LB', 'KDFR122', 1, 4, 1, 1, 1, 0, 0, 0, 0, 'TVM STORE FOR COMP.SERVICE  ', '0000-00-00 00:00:00', '0000-00-00 00:00:00'),
(3, 'MOTOROLA GM 950 Repeater LB', 'KDFR107', 1, 4, 1, 1, 1, 0, 0, 0, 0, 'TVM STORE FOR COMP.SERVICE  ', '0000-00-00 00:00:00', '0000-00-00 00:00:00'),
(4, 'SANCHAR SCR 910 LV Repeater LB', 'SR1802L10018', 1, 1, 2, 2, 1, 0, 0, 0, 0, 'PNDLR RPTR  ', '0000-00-00 00:00:00', '0000-00-00 00:00:00'),
(5, 'SANCHAR SCR 910 LV Repeater LB', 'L10016', 1, 1, 2, 2, 1, 0, 0, 0, 0, 'PNDLR RPTR  ', '0000-00-00 00:00:00', '0000-00-00 00:00:00'),
(6, 'REXON  Repeater HB', '32022014', 1, 1, 3, 0, 2, 0, 0, 0, 0, 'PNDLR RPTR  ', '0000-00-00 00:00:00', '0000-00-00 00:00:00'),
(7, 'SANCHAR SCR 910 HV Repeater HB', 'H10042', 1, 1, 2, 3, 2, 0, 0, 0, 0, 'PERINTHALMANNA TC  ', '0000-00-00 00:00:00', '0000-00-00 00:00:00'),
(8, 'SANCHAR SCR 910 HV Repeater HB', 'H10012', 1, 1, 2, 3, 2, 0, 0, 0, 0, 'MPM WS  ', '0000-00-00 00:00:00', '0000-00-00 00:00:00'),
(9, 'KENWOOD TKR 750 Repeater HB', '70200082', 1, 1, 4, 4, 2, 0, 0, 0, 0, 'TANUR CONTROL RPTR  AT TIRUR  ', '0000-00-00 00:00:00', '0000-00-00 00:00:00'),
(10, 'KENWOOD TKR 750 Repeater HB', '70200080', 1, 1, 4, 4, 2, 0, 0, 0, 0, 'MANJERI TC  ', '0000-00-00 00:00:00', '0000-00-00 00:00:00'),
(11, 'KENWOOD TKR 750 Repeater HB', 'B3600128', 1, 2, 4, 4, 2, 0, 0, 0, 0, 'MPM WS  ', '0000-00-00 00:00:00', '0000-00-00 00:00:00'),
(12, 'KENWOOD TKR 750 Repeater HB', '70200173', 1, 1, 4, 4, 2, 0, 0, 0, 0, 'TIRUR TC  ', '0000-00-00 00:00:00', '0000-00-00 00:00:00'),
(13, 'MOTOROLA GM 338 Repeater HB', 'KGMR100', 1, 1, 1, 5, 2, 0, 0, 0, 0, 'NBR SD  ', '0000-00-00 00:00:00', '0000-00-00 00:00:00'),
(14, 'MOTOROLA GM 338 Repeater HB', 'KGMR2107', 1, 1, 1, 5, 2, 0, 0, 0, 0, 'SOG  ', '0000-00-00 00:00:00', '0000-00-00 00:00:00'),
(15, 'MOTOROLA GM 338 Repeater UHF', 'KNZR003', 1, 1, 1, 5, 3, 0, 0, 0, 0, 'KOTTAKUNNU RPTR  ', '0000-00-00 00:00:00', '0000-00-00 00:00:00'),
(16, 'MOTOROLA GM 338 Repeater UHF', 'KNTR0014', 1, 1, 1, 5, 3, 0, 0, 0, 0, 'KOTTAKUNNU RPTR  ', '0000-00-00 00:00:00', '0000-00-00 00:00:00'),
(17, 'MOTOROLA GM 338 Repeater UHF', 'KNTR0002', 1, 4, 1, 5, 3, 0, 0, 0, 0, 'TVM STORE FOR COMP.SERVICE  ', '0000-00-00 00:00:00', '0000-00-00 00:00:00'),
(18, 'MOTOROLA GM950 STATIC VHF RADIO LB', 'TCS5492', 1, 1, 1, 6, 4, 0, 0, 0, 0, 'CMT MSP VEHICLE KL01CU3507MARAZO ', '0000-00-00 00:00:00', '0000-00-00 00:00:00'),
(19, 'MOTOROLA GM950 STATIC VHF RADIO LB', 'TCU0707', 1, 1, 1, 6, 4, 0, 0, 0, 0, 'DYSP TIRUR MOB KL01CH3963 ', '0000-00-00 00:00:00', '0000-00-00 00:00:00'),
(20, 'MOTOROLA GM950 STATIC VHF RADIO LB', 'TCS1656', 1, 1, 1, 6, 4, 0, 0, 0, 0, 'HIGHWAY 1TPLM KL 01 BK7270 ', '0000-00-00 00:00:00', '0000-00-00 00:00:00'),
(21, 'MOTOROLA GM950 STATIC VHF RADIO LB', 'TCS5474', 1, 1, 1, 6, 4, 0, 0, 0, 0, 'HIGHWAY 2 VLCY KL01BK7291 ', '0000-00-00 00:00:00', '0000-00-00 00:00:00'),
(22, 'MOTOROLA GM950 STATIC VHF RADIO LB', 'TDE3192', 1, 1, 1, 6, 4, 0, 0, 0, 0, 'PANDIKKAD MBL KL01CU0190 ', '0000-00-00 00:00:00', '0000-00-00 00:00:00'),
(23, 'MOTOROLA GM950 STATIC VHF RADIO LB', 'TCS1385', 1, 1, 1, 6, 4, 0, 0, 0, 0, 'IP EDAKKARA MOB KLOIBP4474 ', '0000-00-00 00:00:00', '0000-00-00 00:00:00'),
(24, 'MOTOROLA GM950 STATIC VHF RADIO LB', 'TDCE2326', 1, 1, 1, 6, 4, 0, 0, 0, 0, 'PERINTHALMANNA MBL KL01CH8040 ', '0000-00-00 00:00:00', '0000-00-00 00:00:00'),
(25, 'MOTOROLA GM950 STATIC VHF RADIO LB', 'TCS1413', 1, 1, 1, 6, 4, 0, 0, 0, 0, 'KALIKAVU  MOB KL01BW5754 ', '0000-00-00 00:00:00', '0000-00-00 00:00:00'),
(26, 'MOTOROLA GM950 STATIC VHF RADIO LB', 'TCS1581', 1, 1, 1, 6, 4, 0, 0, 0, 0, 'THIRURANGADI MBL KL01CT9730 ', '0000-00-00 00:00:00', '0000-00-00 00:00:00'),
(27, 'MOTOROLA GM950 STATIC VHF RADIO LB', 'TCS1625', 1, 1, 1, 6, 4, 0, 0, 0, 0, 'IP TANUR MOB KL01CT9726 ', '0000-00-00 00:00:00', '0000-00-00 00:00:00'),
(28, 'MOTOROLA GM950 STATIC VHF RADIO LB', 'TDE3155', 1, 1, 1, 6, 4, 0, 0, 0, 0, 'KONDOTTY MOB KL01BW5755 ', '0000-00-00 00:00:00', '0000-00-00 00:00:00'),
(29, 'MOTOROLA GM950 STATIC VHF RADIO LB', 'TAW5893', 1, 1, 1, 6, 4, 0, 0, 0, 0, 'KALPAKANCHERY MBL KL01CH8030 ', '0000-00-00 00:00:00', '0000-00-00 00:00:00'),
(30, 'MOTOROLA GM950 STATIC VHF RADIO LB', 'KBL0489', 1, 1, 1, 6, 4, 5, 3, 0, 1, 'MELATUR MBL KL01CU0187 ', '0000-00-00 00:00:00', '0000-00-00 00:00:00'),
(31, 'MOTOROLA GM950 STATIC VHF RADIO LB', 'TCS5464', 1, 1, 1, 6, 4, 0, 0, 0, 0, 'IP TIRUR MOB KL01CR5960 ', '0000-00-00 00:00:00', '0000-00-00 00:00:00'),
(32, 'MOTOROLA GM950 STATIC VHF RADIO LB', 'TCS1650', 1, 1, 1, 6, 4, 0, 0, 0, 0, 'IP KADAMPUZHA MOB KL01CN4984 ', '0000-00-00 00:00:00', '0000-00-00 00:00:00'),
(33, 'MOTOROLA GM950 STATIC VHF RADIO LB', 'KAY9113', 1, 1, 1, 6, 4, 0, 0, 0, 0, 'CONTROL ROOM MPM MOB KL01BW6103 ', '0000-00-00 00:00:00', '0000-00-00 00:00:00'),
(34, 'MOTOROLA GM950 STATIC VHF RADIO LB', 'TCS5482', 1, 1, 1, 6, 4, 0, 0, 0, 0, 'IP NILAMBUR  MOB KL01BW6082 ', '0000-00-00 00:00:00', '0000-00-00 00:00:00'),
(35, 'MOTOROLA GM950 STATIC VHF RADIO LB', 'TCS1573', 1, 1, 1, 6, 4, 0, 0, 0, 0, 'VAZHIKADAV MBL  KL01CU0059 ', '0000-00-00 00:00:00', '0000-00-00 00:00:00'),
(36, 'MOTOROLA GM950 STATIC VHF RADIO LB', 'TDC4532', 1, 1, 1, 6, 4, 0, 0, 0, 0, 'IP VENGARA MOB KL01CT9732 ', '0000-00-00 00:00:00', '0000-00-00 00:00:00'),
(37, 'MOTOROLA GM950 STATIC VHF RADIO LB', 'TCS1593', 1, 1, 1, 6, 4, 0, 0, 0, 0, 'TANUR MOB KL01CH8041 ', '0000-00-00 00:00:00', '0000-00-00 00:00:00'),
(38, 'MOTOROLA GM950 STATIC VHF RADIO LB', 'KBL0482', 1, 1, 1, 6, 4, 0, 0, 0, 0, 'MALAPPURAM TRAFFIC MOB KL01CP2257 ', '0000-00-00 00:00:00', '0000-00-00 00:00:00'),
(39, 'MOTOROLA GM950 STATIC VHF RADIO LB', 'TCS1685', 1, 1, 1, 6, 4, 0, 0, 0, 0, 'NILAMBUR PS   ', '0000-00-00 00:00:00', '0000-00-00 00:00:00'),
(40, 'MOTOROLA GM950 STATIC VHF RADIO LB', 'TCS1691', 1, 1, 1, 6, 4, 0, 0, 0, 0, 'HIGHWAY PATROL 5/PONNANI KL01BX385 ', '0000-00-00 00:00:00', '0000-00-00 00:00:00'),
(41, 'MOTOROLA GM950 STATIC VHF RADIO LB', 'TDC4423', 1, 1, 1, 6, 4, 0, 0, 0, 0, 'PARAPPANANGADI MOB KL01CN5202 ', '0000-00-00 00:00:00', '0000-00-00 00:00:00'),
(42, 'MOTOROLA GM950 STATIC VHF RADIO LB', 'TCS1608', 1, 1, 1, 6, 4, 0, 0, 0, 0, 'KUTTIPPURAM MOB KL01BW5744 ', '0000-00-00 00:00:00', '0000-00-00 00:00:00'),
(43, 'MOTOROLA GM950 STATIC VHF RADIO LB', 'TDC4545', 1, 1, 1, 6, 4, 0, 0, 0, 0, 'IP MANJERI MBL  KL01CT9723 ', '0000-00-00 00:00:00', '0000-00-00 00:00:00'),
(44, 'MOTOROLA GM950 STATIC VHF RADIO LB', 'TCS1397', 1, 1, 1, 6, 4, 0, 0, 0, 0, 'CHANGARAMKULAM MOB KL01CN4983 ', '0000-00-00 00:00:00', '0000-00-00 00:00:00'),
(45, 'MOTOROLA GM950 STATIC VHF RADIO LB', 'KBL0487', 1, 1, 1, 6, 4, 0, 0, 0, 0, 'DYSP PERINTALMANNA MOB KL01CH3960 ', '0000-00-00 00:00:00', '0000-00-00 00:00:00'),
(46, 'MOTOROLA GM950 STATIC VHF RADIO LB', 'TCU0575', 1, 1, 1, 6, 4, 0, 0, 0, 0, 'KARUVARAKKUND IP MOB KL01BW7103 ', '0000-00-00 00:00:00', '0000-00-00 00:00:00'),
(47, 'MOTOROLA GM950 STATIC VHF RADIO LB', 'TCS1489', 1, 1, 1, 6, 4, 0, 0, 0, 0, 'IP VAZHIKKADAVU MOB KL01BW3487 ', '0000-00-00 00:00:00', '0000-00-00 00:00:00'),
(48, 'MOTOROLA GM950 STATIC VHF RADIO LB', 'TCS1540', 1, 1, 1, 6, 4, 0, 0, 0, 0, ' VAZHAKKAD PS  ', '0000-00-00 00:00:00', '0000-00-00 00:00:00'),
(49, 'MOTOROLA GM950 STATIC VHF RADIO LB', 'TCS1380', 1, 1, 1, 6, 4, 22, 4, 0, 1, 'TIRUR PS MOB KL01CH8049 ', '0000-00-00 00:00:00', '0000-00-00 00:00:00'),
(50, 'MOTOROLA GM950 STATIC VHF RADIO LB', 'TCS1388', 1, 1, 1, 6, 4, 0, 0, 0, 0, 'PROGRAMMED FOR RPTR SET \nTCU0657RPTR SET AT DYSP NBR OFFICE\n ', '0000-00-00 00:00:00', '0000-00-00 00:00:00'),
(51, 'MOTOROLA GM950 STATIC VHF RADIO LB', 'TCS1583', 1, 1, 1, 6, 4, 0, 0, 0, 0, 'PONNANI PS  ', '0000-00-00 00:00:00', '0000-00-00 00:00:00'),
(52, 'MOTOROLA GM950 STATIC VHF RADIO LB', 'TCS1613', 1, 1, 1, 6, 4, 0, 0, 0, 0, 'DYSP KONDOTY MOB KL01CR3948 ', '0000-00-00 00:00:00', '0000-00-00 00:00:00'),
(53, 'MOTOROLA GM950 STATIC VHF RADIO LB', 'TCS1669', 1, 1, 1, 6, 4, 0, 0, 0, 0, 'THIRURANGADI PS  ', '0000-00-00 00:00:00', '0000-00-00 00:00:00'),
(54, 'MOTOROLA GM950 STATIC VHF RADIO LB', 'TCU0646', 1, 1, 1, 6, 4, 0, 0, 0, 0, 'PERUMPADAPPU PS  ', '0000-00-00 00:00:00', '0000-00-00 00:00:00'),
(55, 'MOTOROLA GM950 STATIC VHF RADIO LB', 'TDC4551', 1, 1, 1, 6, 4, 0, 0, 0, 0, 'KUTTIPPURAM PS  ', '0000-00-00 00:00:00', '0000-00-00 00:00:00'),
(56, 'MOTOROLA GM950 STATIC VHF RADIO LB', 'TCS1414', 1, 1, 1, 6, 4, 0, 0, 0, 0, 'MALAPPURAM CONTROL  ', '0000-00-00 00:00:00', '0000-00-00 00:00:00'),
(57, 'MOTOROLA GM950 STATIC VHF RADIO LB', 'KBL0492', 1, 1, 1, 6, 4, 0, 0, 0, 0, 'PROGRAMMED FOR RPTR SET TCU0795VOICELOGER ', '0000-00-00 00:00:00', '0000-00-00 00:00:00'),
(58, 'MOTOROLA GM950 STATIC VHF RADIO LB', 'TCS5487/TCS5489', 1, 1, 1, 6, 4, 0, 0, 0, 0, 'CHANGARAMKULAM PS  ', '0000-00-00 00:00:00', '0000-00-00 00:00:00'),
(59, 'MOTOROLA GM950 STATIC VHF RADIO LB', 'TCS5491', 1, 1, 1, 6, 4, 0, 0, 0, 0, 'PATCHING STANDBY  ', '0000-00-00 00:00:00', '0000-00-00 00:00:00'),
(60, 'MOTOROLA GM950 STATIC VHF RADIO LB', 'TCS1655', 1, 1, 1, 6, 4, 0, 0, 0, 0, 'VENGARA PS  ', '0000-00-00 00:00:00', '0000-00-00 00:00:00'),
(61, 'MOTOROLA GM950 STATIC VHF RADIO LB', 'TCS1529', 1, 1, 1, 6, 4, 0, 0, 0, 0, 'POTHUKALL PS   ', '0000-00-00 00:00:00', '0000-00-00 00:00:00'),
(62, 'MOTOROLA GM950 STATIC VHF RADIO LB', 'TCS1619', 1, 1, 1, 6, 4, 0, 0, 0, 0, 'PROGRAMMED FOR RPTR SET TCU0818 RPTR SET AT KARIPUR MOBKL014992 ', '0000-00-00 00:00:00', '0000-00-00 00:00:00'),
(63, 'MOTOROLA GM950 STATIC VHF RADIO LB', 'TAG2072', 1, 1, 1, 6, 4, 0, 0, 0, 0, 'PROGRAMMED FOR RPTR SET TCS1614RPTR set at IP melatur mob KL01CN5201 ', '0000-00-00 00:00:00', '0000-00-00 00:00:00'),
(64, 'MOTOROLA GM950 STATIC VHF RADIO LB', 'TCS3162', 1, 1, 1, 6, 4, 0, 0, 0, 0, 'PROGRAMMED FOR RPTR SET TDC4620RPTR-IP KDTY MOB KL01CH8032 ', '0000-00-00 00:00:00', '0000-00-00 00:00:00'),
(65, 'MOTOROLA GM950 STATIC VHF RADIO LB', 'TCU0583', 1, 1, 1, 6, 4, 0, 0, 0, 0, 'VENGARA MOB 2 KL01CF2625 ', '0000-00-00 00:00:00', '0000-00-00 00:00:00'),
(66, 'MOTOROLA GM950 STATIC VHF RADIO LB', 'TCS3178', 1, 1, 1, 6, 4, 0, 0, 0, 0, 'PATCHING kottakkunnu  ', '0000-00-00 00:00:00', '0000-00-00 00:00:00'),
(67, 'MOTOROLA GM950 STATIC VHF RADIO LB', 'TCS1578', 1, 1, 1, 6, 4, 0, 0, 0, 0, 'PANDALLUR RPTR 516 ERROR ', '0000-00-00 00:00:00', '0000-00-00 00:00:00'),
(68, 'MOTOROLA GM950 STATIC VHF RADIO LB', 'TCS1480', 1, 1, 1, 6, 4, 0, 0, 0, 0, 'TIRUR PS  ', '0000-00-00 00:00:00', '0000-00-00 00:00:00'),
(69, 'MOTOROLA GM950 STATIC VHF RADIO LB', 'TCS3119', 1, 1, 1, 6, 4, 0, 0, 0, 0, 'NILAMBUR PS MOB KL01CU0058 ', '0000-00-00 00:00:00', '0000-00-00 00:00:00'),
(70, 'MOTOROLA GM950 STATIC VHF RADIO LB', 'TCS1444', 1, 1, 1, 6, 4, 0, 0, 0, 0, 'AR CAMP  ', '0000-00-00 00:00:00', '0000-00-00 00:00:00'),
(71, 'MOTOROLA GM950 STATIC VHF RADIO LB', 'TCU0626', 1, 1, 1, 6, 4, 0, 0, 0, 0, 'KARIPUR PS  ', '0000-00-00 00:00:00', '0000-00-00 00:00:00'),
(72, 'MOTOROLA GM950 STATIC VHF RADIO LB', 'TCS1577', 1, 2, 1, 6, 4, 0, 0, 0, 0, 'ARC XYLO KL01BG4153 ', '0000-00-00 00:00:00', '0000-00-00 00:00:00'),
(73, 'MOTOROLA GM950 STATIC VHF RADIO LB', 'TCS1245', 1, 1, 1, 6, 4, 0, 0, 0, 0, 'POTHUKAL PS MBL  KL01 CU0174 ', '0000-00-00 00:00:00', '0000-00-00 00:00:00'),
(74, 'MOTOROLA GM950 STATIC VHF RADIO LB', 'TCS3184', 1, 3, 1, 6, 4, 0, 0, 0, 0, 'MPM WS  ', '0000-00-00 00:00:00', '0000-00-00 00:00:00'),
(75, 'MOTOROLA GM950 STATIC VHF RADIO LB', 'TCS3173', 1, 5, 1, 6, 4, 0, 0, 0, 0, 'TVM STORE FOR CONDEMN  ', '0000-00-00 00:00:00', '0000-00-00 00:00:00'),
(76, 'MOTOROLA GM950 STATIC VHF RADIO LB', 'TCS3175', 1, 5, 1, 6, 4, 0, 0, 0, 0, 'TVM STORE FOR CONDEMN  ', '0000-00-00 00:00:00', '0000-00-00 00:00:00'),
(77, 'MOTOROLA GM950 STATIC VHF RADIO LB', 'TCS1452', 1, 5, 1, 6, 4, 0, 0, 0, 0, 'TVM STORE FOR CONDEMN.  ', '0000-00-00 00:00:00', '0000-00-00 00:00:00'),
(78, 'MOTOROLA GM950 STATIC VHF RADIO LB', 'TCS5488', 1, 5, 1, 6, 4, 0, 0, 0, 0, 'TVM STORE FOR CONDEMN  ', '0000-00-00 00:00:00', '0000-00-00 00:00:00'),
(79, 'MOTOROLA GM950 STATIC VHF RADIO LB', 'TCS1660', 1, 5, 1, 6, 4, 0, 0, 0, 0, 'TVMSTORE FOR CONDEMN  ', '0000-00-00 00:00:00', '0000-00-00 00:00:00'),
(80, 'MOTOROLA GM950 STATIC VHF RADIO LB', 'TCS1537', 1, 1, 1, 6, 4, 0, 0, 0, 0, 'MPM STORE  ', '0000-00-00 00:00:00', '0000-00-00 00:00:00'),
(81, 'MOTOROLA GM950 STATIC VHF RADIO LB', 'TDE3196', 1, 5, 1, 6, 4, 0, 0, 0, 0, 'TVM STORE FOR CONDEMN  ', '0000-00-00 00:00:00', '0000-00-00 00:00:00'),
(82, 'MOTOROLA GM950 STATIC VHF RADIO LB', 'TCS5469', 1, 5, 1, 6, 4, 0, 0, 0, 0, 'TVM STORE FOR CONDEMN  ', '0000-00-00 00:00:00', '0000-00-00 00:00:00'),
(83, 'MOTOROLA GM950 STATIC VHF RADIO LB', 'TCS1457', 1, 1, 1, 6, 4, 0, 0, 0, 0, 'MPM STORE  ', '0000-00-00 00:00:00', '0000-00-00 00:00:00'),
(84, 'MOTOROLA GM950 STATIC VHF RADIO LB', 'TDC1605', 1, 5, 1, 6, 4, 0, 0, 0, 0, 'TVM STORE FOR COMP.SERVICE REPTR SET  ', '0000-00-00 00:00:00', '0000-00-00 00:00:00'),
(85, 'MOTOROLA GM3689 STATIC VHF RADIO LB', 'TLUM907', 1, 1, 1, 7, 4, 0, 0, 0, 0, 'DYSP TIRUR OFFICE  ', '0000-00-00 00:00:00', '0000-00-00 00:00:00'),
(86, 'MOTOROLA GM3689 STATIC VHF RADIO LB', 'THAE278', 1, 1, 1, 7, 4, 0, 0, 0, 0, 'VAZHIKKADAVU PS  ', '0000-00-00 00:00:00', '0000-00-00 00:00:00'),
(87, 'MOTOROLA GM3689 STATIC VHF RADIO LB', 'THAE279', 1, 1, 1, 7, 4, 0, 0, 0, 0, 'IP VAZHAKKAD MBL KL01CN5220 ', '0000-00-00 00:00:00', '0000-00-00 00:00:00'),
(88, 'MOTOROLA GM3689 STATIC VHF RADIO LB', 'THE3274', 1, 1, 1, 7, 4, 0, 0, 0, 0, 'AREEKODE PS  5', '0000-00-00 00:00:00', '0000-00-00 00:00:00'),
(89, 'MOTOROLA GM3689 STATIC VHF RADIO LB', 'TFW9298', 1, 1, 1, 7, 4, 0, 0, 0, 0, 'VALANCHERY PS  ', '0000-00-00 00:00:00', '0000-00-00 00:00:00'),
(90, 'MOTOROLA GM3689 STATIC VHF RADIO LB', 'TFWH107', 1, 1, 1, 7, 4, 0, 0, 0, 0, 'PATCHING HB TIRUR(KOTTAKKUNNU)  ', '0000-00-00 00:00:00', '0000-00-00 00:00:00'),
(91, 'MOTOROLA GM3689 STATIC VHF RADIO LB', 'TGG8620', 1, 1, 1, 7, 4, 0, 0, 0, 0, 'WANDOOR PS  ', '0000-00-00 00:00:00', '0000-00-00 00:00:00'),
(92, 'MOTOROLA GM3689 STATIC VHF RADIO LB', 'TKC5705', 1, 1, 1, 7, 4, 0, 0, 0, 0, 'PERINTHALMANNA PS  ', '0000-00-00 00:00:00', '0000-00-00 00:00:00'),
(93, 'MOTOROLA GM3689 STATIC VHF RADIO LB', 'TGG8689', 1, 1, 1, 7, 4, 0, 0, 0, 0, 'PINK 1 (MPM) KL01CJ4170 ', '0000-00-00 00:00:00', '0000-00-00 00:00:00'),
(94, 'MOTOROLA GM3689 STATIC VHF RADIO LB', 'TLUM923', 1, 1, 1, 7, 4, 0, 0, 0, 0, 'KALIKAVU PS  ', '0000-00-00 00:00:00', '0000-00-00 00:00:00'),
(95, 'MOTOROLA GM3689 STATIC VHF RADIO LB', 'TLUM906', 1, 1, 1, 7, 4, 0, 0, 0, 0, 'PANDIKKAD PS  ', '0000-00-00 00:00:00', '0000-00-00 00:00:00'),
(96, 'MOTOROLA GM3689 STATIC VHF RADIO LB', 'TLUF744', 1, 1, 1, 7, 4, 0, 0, 0, 0, 'EDAKKARA PS  ', '0000-00-00 00:00:00', '0000-00-00 00:00:00'),
(97, 'MOTOROLA GM3689 STATIC VHF RADIO LB', 'TLUF715', 1, 1, 1, 7, 4, 0, 0, 0, 0, 'PARAPPANANGADI PS  ', '0000-00-00 00:00:00', '0000-00-00 00:00:00'),
(98, 'MOTOROLA GM3689 STATIC VHF RADIO LB', 'TLUM875', 1, 1, 1, 7, 4, 0, 0, 0, 0, 'KARUVARAKUND PS  ', '0000-00-00 00:00:00', '0000-00-00 00:00:00'),
(99, 'MOTOROLA GM3689 STATIC VHF RADIO LB', 'TRY1849', 1, 1, 1, 7, 4, 0, 0, 0, 0, 'COASTAL PS PONNANI  ', '0000-00-00 00:00:00', '0000-00-00 00:00:00'),
(100, 'MOTOROLA GM3689 STATIC VHF RADIO LB', 'TRY1783', 1, 1, 1, 7, 4, 0, 0, 0, 0, 'SB OFFICE  ', '0000-00-00 00:00:00', '0000-00-00 00:00:00'),
(101, 'MOTOROLA GM3689 STATIC VHF RADIO LB', 'TRY1653', 1, 1, 1, 7, 4, 0, 0, 0, 0, 'TANUR PS  ', '0000-00-00 00:00:00', '0000-00-00 00:00:00'),
(102, 'MOTOROLA GM3689 STATIC VHF RADIO LB', 'TFWH108', 1, 1, 1, 7, 4, 0, 0, 0, 0, 'KALPAKANCHERY PS  ', '0000-00-00 00:00:00', '0000-00-00 00:00:00'),
(103, 'MOTOROLA GM3689 STATIC VHF RADIO LB', 'TGG8621', 1, 1, 1, 7, 4, 0, 0, 0, 0, 'MELATUR PS  ', '0000-00-00 00:00:00', '0000-00-00 00:00:00'),
(104, 'MOTOROLA GM3689 STATIC VHF RADIO LB', 'TLUM921', 1, 1, 1, 7, 4, 0, 0, 0, 0, 'KOTTAKKAL PS  ', '0000-00-00 00:00:00', '0000-00-00 00:00:00'),
(105, 'MOTOROLA GM3689 STATIC VHF RADIO LB', 'TFWH114', 1, 1, 1, 7, 4, 0, 0, 0, 0, 'MANJERI PS  ', '0000-00-00 00:00:00', '0000-00-00 00:00:00'),
(106, 'MOTOROLA GM3689 STATIC VHF RADIO LB', 'THAE291', 1, 1, 1, 7, 4, 0, 0, 0, 0, 'PERUMPADAPPU MOB KL01BW5759 ', '0000-00-00 00:00:00', '0000-00-00 00:00:00'),
(107, 'MOTOROLA GM3689 STATIC VHF RADIO LB', 'TKC5713', 1, 1, 1, 7, 4, 0, 0, 0, 0, 'IP AREEKODE MOB KL01CU0185 ', '0000-00-00 00:00:00', '0000-00-00 00:00:00'),
(108, 'MOTOROLA GM3689 STATIC VHF RADIO LB', 'TRY1675', 1, 1, 1, 7, 4, 0, 0, 0, 0, 'KALIKAVU MOB KL01CU0048 ', '0000-00-00 00:00:00', '0000-00-00 00:00:00'),
(109, 'MOTOROLA GM3689 STATIC VHF RADIO LB', 'TFWH125', 1, 1, 1, 7, 4, 0, 0, 0, 0, 'SP MPM INNOVA KL01BX337 ', '0000-00-00 00:00:00', '0000-00-00 00:00:00'),
(110, 'MOTOROLA GM3689 STATIC VHF RADIO LB', 'TKC5709', 1, 1, 1, 7, 4, 0, 0, 0, 0, 'SP MPM INNOVA KL01BB1578 ', '0000-00-00 00:00:00', '0000-00-00 00:00:00'),
(111, 'MOTOROLA GM3689 STATIC VHF RADIO LB', 'TKC5707', 1, 1, 1, 7, 4, 0, 0, 0, 0, 'DIST COLLECTOR MOB KL10AS999 ', '0000-00-00 00:00:00', '0000-00-00 00:00:00'),
(112, 'MOTOROLA GM3689 STATIC VHF RADIO LB', 'TGG8675', 1, 1, 1, 7, 4, 0, 0, 0, 0, ' KONDOTTY TC MOB KL01BD8888 ', '0000-00-00 00:00:00', '0000-00-00 00:00:00'),
(113, 'MOTOROLA GM3689 STATIC VHF RADIO LB', 'THAE3228', 1, 1, 1, 7, 4, 0, 0, 0, 0, 'MPM MOB KL01CH8033 ', '0000-00-00 00:00:00', '0000-00-00 00:00:00'),
(114, 'MOTOROLA GM3689 STATIC VHF RADIO LB', 'TFWH511', 1, 1, 1, 7, 4, 0, 0, 0, 0, ' MANJERI MOB KL01CH8036 ', '0000-00-00 00:00:00', '0000-00-00 00:00:00'),
(115, 'MOTOROLA GM3689 STATIC VHF RADIO LB', 'TKC5710', 1, 1, 1, 7, 4, 0, 0, 0, 0, 'IP PERINTHALMANNA MOB KL01CT9724 ', '0000-00-00 00:00:00', '0000-00-00 00:00:00'),
(116, 'MOTOROLA GM3689 STATIC VHF RADIO LB', 'TLUF607', 1, 1, 1, 7, 4, 0, 0, 0, 0, 'IP PERUMPADAPPU MOB KL01CN5209 ', '0000-00-00 00:00:00', '0000-00-00 00:00:00'),
(117, 'MOTOROLA GM3689 STATIC VHF RADIO LB', 'THE3244', 1, 1, 1, 7, 4, 0, 0, 0, 0, 'EDAKKARA MBL KL01CU0041 ', '0000-00-00 00:00:00', '0000-00-00 00:00:00'),
(118, 'MOTOROLA GM3689 STATIC VHF RADIO LB', 'THAE287', 1, 1, 1, 7, 4, 0, 0, 0, 0, 'THENJIPALAM  MOB KL01CT9727 ', '0000-00-00 00:00:00', '0000-00-00 00:00:00'),
(119, 'MOTOROLA GM3689 STATIC VHF RADIO LB', 'TFWH109', 1, 1, 1, 7, 4, 0, 0, 0, 0, 'AREACODE MOBILE KL 01BU4684 ', '0000-00-00 00:00:00', '0000-00-00 00:00:00'),
(120, 'MOTOROLA GM3689 STATIC VHF RADIO LB', 'TFWH126', 1, 1, 1, 7, 4, 0, 0, 0, 0, 'VALANCHERY MBL  KL01CN5218 ', '0000-00-00 00:00:00', '0000-00-00 00:00:00'),
(121, 'MOTOROLA GM3689 STATIC VHF RADIO LB', 'THAE283', 1, 1, 1, 7, 4, 0, 0, 0, 0, 'IP MALAPPURAM MBL KL01CT9722 ', '0000-00-00 00:00:00', '0000-00-00 00:00:00'),
(122, 'MOTOROLA GM3689 STATIC VHF RADIO LB', 'TLUM867', 1, 1, 1, 7, 4, 0, 0, 0, 0, 'DYSP SB MOB KL01 BW3703 ', '0000-00-00 00:00:00', '0000-00-00 00:00:00'),
(123, 'MOTOROLA GM3689 STATIC VHF RADIO LB', 'TGG8674', 1, 1, 1, 7, 4, 0, 0, 0, 0, 'DYSP NC MOB KL01BW3803 ', '0000-00-00 00:00:00', '0000-00-00 00:00:00'),
(124, 'MOTOROLA GM3689 STATIC VHF RADIO LB', 'TKC5711', 1, 1, 1, 7, 4, 0, 0, 0, 0, 'PERINTHALMANNA TRAFFIC  MOB                            KL01BL5281 ', '0000-00-00 00:00:00', '0000-00-00 00:00:00'),
(125, 'MOTOROLA GM3689 STATIC VHF RADIO LB', 'TKC5712', 1, 1, 1, 7, 4, 0, 0, 0, 0, 'MANKADA MOBILE KL01CN4997 ', '0000-00-00 00:00:00', '0000-00-00 00:00:00'),
(126, 'MOTOROLA GM3689 STATIC VHF RADIO LB', 'THAE284', 1, 1, 1, 7, 4, 0, 0, 0, 0, 'IP PONNANI MOB KL01BW5750 ', '0000-00-00 00:00:00', '0000-00-00 00:00:00'),
(127, 'MOTOROLA GM3689 STATIC VHF RADIO LB', 'TLUM880', 1, 1, 1, 7, 4, 0, 0, 0, 0, 'POOKOTUMPADAM MOB 2 KL01BW3656 ', '0000-00-00 00:00:00', '0000-00-00 00:00:00'),
(128, 'MOTOROLA GM3689 STATIC VHF RADIO LB', 'TLUM900', 1, 1, 1, 7, 4, 0, 0, 0, 0, 'IP EDAVANNA MOB KL01CH8027 ', '0000-00-00 00:00:00', '0000-00-00 00:00:00'),
(129, 'MOTOROLA GM3689 STATIC VHF RADIO LB', 'TLUM878', 1, 1, 1, 7, 4, 0, 0, 0, 0, 'KARUVARAKUND MOB  KL01CU0051 ', '0000-00-00 00:00:00', '0000-00-00 00:00:00'),
(130, 'MOTOROLA GM3689 STATIC VHF RADIO LB', 'TLUM914', 1, 1, 1, 7, 4, 0, 0, 0, 0, 'KOLATHUR IP MOB  KL01CK2228 ', '0000-00-00 00:00:00', '0000-00-00 00:00:00'),
(131, 'MOTOROLA GM3689 STATIC VHF RADIO LB', 'TLUM881', 1, 1, 1, 7, 4, 0, 0, 0, 0, 'DYSP C BRANCH  MOB KL01BW3283 ', '0000-00-00 00:00:00', '0000-00-00 00:00:00'),
(132, 'MOTOROLA GM3689 STATIC VHF RADIO LB', 'TLUM872', 1, 1, 1, 7, 4, 0, 0, 0, 0, 'WANDOOR MOB KL01BW7093 ', '0000-00-00 00:00:00', '0000-00-00 00:00:00'),
(133, 'MOTOROLA GM3689 STATIC VHF RADIO LB', 'TLUM876', 1, 1, 1, 7, 4, 0, 0, 0, 0, 'PERINTHALMANNA CTRL MOB KL0IBW6105 ', '0000-00-00 00:00:00', '0000-00-00 00:00:00'),
(134, 'MOTOROLA GM3689 STATIC VHF RADIO LB', 'TLUM884', 1, 1, 1, 7, 4, 0, 0, 0, 0, 'IP WANDOOR MOB KL01BW6119 ', '0000-00-00 00:00:00', '0000-00-00 00:00:00'),
(135, 'MOTOROLA GM3689 STATIC VHF RADIO LB', 'TLUM905', 1, 1, 1, 7, 4, 0, 0, 0, 0, 'IP VALANCHERI MOB  KL01CR6093 ', '0000-00-00 00:00:00', '0000-00-00 00:00:00'),
(136, 'MOTOROLA GM3689 STATIC VHF RADIO LB', 'TFWH124', 1, 1, 1, 7, 4, 0, 0, 0, 0, 'DYSP DCRB MOB KL01BW3694 ', '0000-00-00 00:00:00', '0000-00-00 00:00:00'),
(137, 'MOTOROLA GM3689 STATIC VHF RADIO LB', 'TLUM920', 1, 1, 1, 7, 4, 0, 0, 0, 0, 'HIGHWAY 4 NBR KL01BK7375 ', '0000-00-00 00:00:00', '0000-00-00 00:00:00'),
(138, 'MOTOROLA GM3689 STATIC VHF RADIO LB', 'TFWH431', 1, 1, 1, 7, 4, 0, 0, 0, 0, 'POOKOTUMPADAM MOB 1 KL01ICH8192 ', '0000-00-00 00:00:00', '0000-00-00 00:00:00'),
(139, 'MOTOROLA GM3689 STATIC VHF RADIO LB', 'THAE270', 1, 1, 1, 7, 4, 0, 0, 0, 0, 'PONNANI  MOB KL01CN4980 ', '0000-00-00 00:00:00', '0000-00-00 00:00:00'),
(140, 'MOTOROLA GM3689 STATIC VHF RADIO LB', 'THE3227', 1, 1, 1, 7, 4, 0, 0, 0, 0, 'HIGHWAY 3 MPM KL01BK7254 ', '0000-00-00 00:00:00', '0000-00-00 00:00:00'),
(141, 'MOTOROLA GM3689 STATIC VHF RADIO LB', 'TKC5714', 1, 1, 1, 7, 4, 0, 0, 0, 0, 'IP THIRURANGADI MOB KL01BE5762 ', '0000-00-00 00:00:00', '0000-00-00 00:00:00'),
(142, 'MOTOROLA GM3689 STATIC VHF RADIO LB', 'THE3288', 1, 1, 1, 7, 4, 0, 0, 0, 0, 'IP PANDIKAD MOB KL01CN5204 ', '0000-00-00 00:00:00', '0000-00-00 00:00:00'),
(143, 'MOTOROLA GM3689 STATIC VHF RADIO LB', 'TFW9523', 1, 1, 1, 7, 4, 0, 0, 0, 0, 'POTHUKAL MOB KL01CH8177 ', '0000-00-00 00:00:00', '0000-00-00 00:00:00'),
(144, 'MOTOROLA GM3689 STATIC VHF RADIO LB', 'THAE290', 1, 1, 1, 7, 4, 0, 0, 0, 0, 'TIRUR TC MOB KL01CP2263 ', '0000-00-00 00:00:00', '0000-00-00 00:00:00'),
(145, 'MOTOROLA GM3689 STATIC VHF RADIO LB', 'TRA0730', 1, 1, 1, 7, 4, 0, 0, 0, 0, 'DYSP TNR MOB KL01CR3954 ', '0000-00-00 00:00:00', '0000-00-00 00:00:00'),
(146, 'MOTOROLA GM3689 STATIC VHF RADIO LB', 'TGNC342', 1, 1, 1, 7, 4, 0, 0, 0, 0, 'MANKADA  IP MOBILE KL01BW5745 ', '0000-00-00 00:00:00', '0000-00-00 00:00:00'),
(147, 'MOTOROLA GM3689 STATIC VHF RADIO LB', 'TRY1692', 1, 1, 1, 7, 4, 0, 0, 0, 0, 'IP COASTAL MOB KL01BU5832 BLERO ', '0000-00-00 00:00:00', '0000-00-00 00:00:00'),
(148, 'MOTOROLA GM3689 STATIC VHF RADIO LB', 'TRY1755', 1, 1, 1, 7, 4, 0, 0, 0, 0, 'KONDOTTY PS  ', '0000-00-00 00:00:00', '0000-00-00 00:00:00'),
(149, 'MOTOROLA GM3689 STATIC VHF RADIO LB', 'TKC5708', 1, 1, 1, 7, 4, 0, 0, 0, 0, 'PARAPPANANGADI MOB KL01BW7086 ', '0000-00-00 00:00:00', '0000-00-00 00:00:00'),
(150, 'MOTOROLA GM3689 STATIC VHF RADIO LB', 'THAE285', 1, 1, 1, 7, 4, 0, 0, 0, 0, 'DYSP MALAPPURAM MOB KL01CH3952 ', '0000-00-00 00:00:00', '0000-00-00 00:00:00'),
(151, 'MOTOROLA GM3689 STATIC VHF RADIO LB', 'TRY1735', 1, 1, 1, 7, 4, 0, 0, 0, 0, 'LB PATCHING KOTTAKKUNN  ', '0000-00-00 00:00:00', '0000-00-00 00:00:00'),
(152, 'MOTOROLA GM3689 STATIC VHF RADIO LB', 'TGG8672', 1, 1, 1, 7, 4, 0, 0, 0, 0, 'KUTTIPPURAM MOB KL01CN4986 ', '0000-00-00 00:00:00', '0000-00-00 00:00:00'),
(153, 'MOTOROLA GM3689 STATIC VHF RADIO LB', 'TRY1660', 1, 1, 1, 7, 4, 0, 0, 0, 0, 'DPC MOB IZUZU KL01CH2427 ', '0000-00-00 00:00:00', '0000-00-00 00:00:00'),
(154, 'MOTOROLA GM3689 STATIC VHF RADIO LB', 'TRY1830', 1, 1, 1, 7, 4, 0, 0, 0, 0, 'KOTTAKKAL MOB KLOICR5964 ', '0000-00-00 00:00:00', '0000-00-00 00:00:00'),
(155, 'MOTOROLA GM3689 STATIC VHF RADIO LB', 'TQY0767', 1, 2, 1, 7, 4, 0, 0, 0, 0, 'KOLATHUR PS  ', '0000-00-00 00:00:00', '0000-00-00 00:00:00'),
(156, 'MOTOROLA GM3689 STATIC VHF RADIO LB', 'TLUM892', 1, 1, 1, 7, 4, 0, 0, 0, 0, 'MPM LB HB PATCHING  ', '0000-00-00 00:00:00', '0000-00-00 00:00:00'),
(157, 'MOTOROLA GM3689 STATIC VHF RADIO LB', 'TKC5706', 1, 1, 1, 7, 4, 0, 0, 0, 0, 'MANJERI TC MOB KL01BD8181 ', '0000-00-00 00:00:00', '0000-00-00 00:00:00'),
(158, 'MOTOROLA GM3689 STATIC VHF RADIO LB', 'TGG8632', 1, 5, 1, 7, 4, 0, 0, 0, 0, 'TVM STORE FOR CONDEMN  ', '0000-00-00 00:00:00', '0000-00-00 00:00:00'),
(159, 'MOTOROLA GM3689 STATIC VHF RADIO LB', 'THE3243', 1, 3, 1, 7, 4, 0, 0, 0, 0, 'MPM WS  ', '0000-00-00 00:00:00', '0000-00-00 00:00:00'),
(160, 'MOTOROLA GM3689 STATIC VHF RADIO LB', 'TQY0731', 1, 5, 1, 7, 4, 0, 0, 0, 0, 'TVM STORE FOR CONDEMN  ', '0000-00-00 00:00:00', '0000-00-00 00:00:00'),
(161, 'MOTOROLA GM3689 STATIC VHF RADIO LB', 'THE3236', 1, 3, 1, 7, 4, 0, 0, 0, 0, 'MPM WS  ', '0000-00-00 00:00:00', '0000-00-00 00:00:00'),
(162, 'MOTOROLA GM3689 STATIC VHF RADIO LB', 'TLUM897', 1, 1, 1, 7, 4, 0, 0, 0, 0, 'MPM STORE  ', '0000-00-00 00:00:00', '0000-00-00 00:00:00'),
(163, 'MOTOROLA GM3689 STATIC VHF RADIO LB', 'TFW9299', 1, 1, 1, 7, 4, 0, 0, 0, 0, 'MPM STORE  ', '0000-00-00 00:00:00', '0000-00-00 00:00:00'),
(164, 'MOTOROLA GM3689 STATIC VHF RADIO LB', 'TFWH513', 1, 4, 1, 7, 4, 0, 0, 0, 0, 'TVM STORE FOR COMP.SERVICE 11 ', '0000-00-00 00:00:00', '0000-00-00 00:00:00'),
(165, 'MOTOROLA GM3689 STATIC VHF RADIO LB', 'TWFH115', 1, 4, 1, 7, 4, 0, 0, 0, 0, 'TVM STORE FOR COMP.SERVICE  ', '0000-00-00 00:00:00', '0000-00-00 00:00:00'),
(166, 'MOTOROLA GM3689 STATIC VHF RADIO LB', 'THE3315', 1, 4, 1, 7, 4, 0, 0, 0, 0, 'TVM STORE FOR COMP.SERVICE  ', '0000-00-00 00:00:00', '0000-00-00 00:00:00'),
(167, 'MOTOROLA GM3689 STATIC VHF RADIO LB', 'TFW9583', 1, 4, 1, 7, 4, 0, 0, 0, 0, 'TVM STORE FOR COMP.SERVICE  ', '0000-00-00 00:00:00', '0000-00-00 00:00:00'),
(168, 'MOTOROLA GM3689 STATIC VHF RADIO LB', 'TLUM915', 1, 4, 1, 7, 4, 0, 0, 0, 0, 'TVM STORE FOR COMP.SERVICE  ', '0000-00-00 00:00:00', '0000-00-00 00:00:00'),
(169, 'MOTOROLA GM3689 STATIC VHF RADIO LB', 'TRA0711', 1, 4, 1, 7, 4, 0, 0, 0, 0, 'TVM STORE FOR COMP.SERVICE  ', '0000-00-00 00:00:00', '0000-00-00 00:00:00'),
(170, 'MOTOROLA GM3689 STATIC VHF RADIO LB', 'TFW9591', 1, 4, 1, 7, 4, 0, 0, 0, 0, 'TVM STORE FOR COMP.SERVICE  ', '0000-00-00 00:00:00', '0000-00-00 00:00:00'),
(171, 'MOTOROLA GM3689 STATIC VHF RADIO LB', 'TFWH506', 1, 4, 1, 7, 4, 0, 0, 0, 0, 'TVM STORE FOR COMP.SERVICE  ', '0000-00-00 00:00:00', '0000-00-00 00:00:00'),
(172, 'MOTOROLA GM3689 STATIC VHF RADIO LB', 'TLUM911', 1, 4, 1, 7, 4, 0, 0, 0, 0, 'TVM STORE FOR COMP.SERVICE  ', '0000-00-00 00:00:00', '0000-00-00 00:00:00'),
(173, 'MOTOROLA GM3689 STATIC VHF RADIO LB', 'TQY0759', 1, 4, 1, 7, 4, 0, 0, 0, 0, 'TVM STORE FOR COMP.SERVICE  ', '0000-00-00 00:00:00', '0000-00-00 00:00:00'),
(174, 'MOTOROLA GM3689 STATIC VHF RADIO LB', 'TQY0775', 1, 4, 1, 7, 4, 0, 0, 0, 0, 'TVM STORE FOR COMP.SERVICE  ', '0000-00-00 00:00:00', '0000-00-00 00:00:00'),
(175, 'MOTOROLA GM3689 STATIC VHF RADIO LB', 'TFWH512', 1, 3, 1, 7, 4, 0, 0, 0, 0, 'CWS TX LOW ', '0000-00-00 00:00:00', '0000-00-00 00:00:00'),
(176, 'PHILIPS PRM80 STATIC VHF RADIO LB', '121794', 1, 1, 5, 8, 4, 0, 0, 0, 0, 'PERINTHALMANNA TC  ', '0000-00-00 00:00:00', '0000-00-00 00:00:00'),
(177, 'PHILIPS PRM80 STATIC VHF RADIO LB', '2539', 1, 1, 5, 8, 4, 0, 0, 0, 0, 'KOTTKKAL MOB2 KL01BN2492 ', '0000-00-00 00:00:00', '0000-00-00 00:00:00'),
(178, 'PHILIPS PRM80 STATIC VHF RADIO LB', '212348', 1, 3, 5, 8, 4, 0, 0, 0, 0, 'TVM STORE FOR CONDMEN  ', '0000-00-00 00:00:00', '0000-00-00 00:00:00'),
(179, 'SIMOCO  STATIC VHF RADIO LB', '10922599', 1, 1, 6, 0, 4, 0, 0, 0, 0, 'RRRF 16 ', '0000-00-00 00:00:00', '0000-00-00 00:00:00'),
(180, 'SIMOCO  STATIC VHF RADIO LB', '10922600(2543)', 1, 1, 6, 0, 4, 0, 0, 0, 0, 'MSP MELMURI  ', '0000-00-00 00:00:00', '0000-00-00 00:00:00'),
(181, 'SIMOCO  STATIC VHF RADIO LB', '10922601', 1, 1, 6, 0, 4, 0, 0, 0, 0, 'MPM STORE  ', '0000-00-00 00:00:00', '0000-00-00 00:00:00'),
(182, 'SIMOCO  STATIC VHF RADIO LB', '2592', 1, 1, 6, 0, 4, 0, 0, 0, 0, 'MSP HQ  ', '0000-00-00 00:00:00', '0000-00-00 00:00:00'),
(183, 'SIMOCO  STATIC VHF RADIO LB', '23247', 1, 1, 6, 0, 4, 0, 0, 0, 0, 'DYSP PERINTHALMANNA RES  ', '0000-00-00 00:00:00', '0000-00-00 00:00:00'),
(184, 'SIMOCO  STATIC VHF RADIO LB', '1228', 1, 1, 6, 0, 4, 0, 0, 0, 0, 'DCRB  ', '0000-00-00 00:00:00', '0000-00-00 00:00:00'),
(185, 'SIMOCO  STATIC VHF RADIO LB', '20090742286', 1, 1, 6, 0, 4, 0, 0, 0, 0, 'CYBER PS MOB KL01BW6208 ', '0000-00-00 00:00:00', '0000-00-00 00:00:00'),
(186, 'SIMOCO  STATIC VHF RADIO LB', '6032612(1796)', 1, 1, 6, 0, 4, 0, 0, 0, 0, 'VANITHA PS MOB KL01BW5766 ', '0000-00-00 00:00:00', '0000-00-00 00:00:00'),
(187, 'SIMOCO  STATIC VHF RADIO LB', '20090742334', 1, 1, 6, 0, 4, 0, 0, 0, 0, 'TIRUR CONTROL ROOM  ', '0000-00-00 00:00:00', '0000-00-00 00:00:00'),
(188, 'SIMOCO  STATIC VHF RADIO LB', '10922598', 1, 1, 6, 0, 4, 0, 0, 0, 0, 'WOMEN CELL MOB KL01BP1624 ', '0000-00-00 00:00:00', '0000-00-00 00:00:00'),
(189, 'SIMOCO  STATIC VHF RADIO LB', '20090742282', 1, 1, 6, 0, 4, 0, 0, 0, 0, 'NILAMBUR SD(VZKDV CHE  ', '0000-00-00 00:00:00', '0000-00-00 00:00:00'),
(190, 'SIMOCO  STATIC VHF RADIO LB', '20090742285', 1, 1, 6, 0, 4, 0, 0, 0, 0, 'MSP NILAMBUR  ', '0000-00-00 00:00:00', '0000-00-00 00:00:00'),
(191, 'SIMOCO  STATIC VHF RADIO LB', '10922613', 1, 1, 6, 0, 4, 0, 0, 0, 0, 'PERINTHALMANNA SD  ', '0000-00-00 00:00:00', '0000-00-00 00:00:00'),
(192, 'SIMOCO  STATIC VHF RADIO LB', '10922614', 1, 1, 6, 0, 4, 0, 0, 0, 0, 'WOMEN PS  ', '0000-00-00 00:00:00', '0000-00-00 00:00:00'),
(193, 'SIMOCO  STATIC VHF RADIO LB', '20090742320', 1, 1, 6, 0, 4, 0, 0, 0, 0, 'CONTROL ROOM MPM  ', '0000-00-00 00:00:00', '0000-00-00 00:00:00'),
(194, 'SIMOCO  STATIC VHF RADIO LB', '20090742271', 1, 1, 6, 0, 4, 0, 0, 0, 0, 'MPM STORE  ', '0000-00-00 00:00:00', '0000-00-00 00:00:00'),
(195, 'SIMOCO  STATIC VHF RADIO LB', '8368', 1, 3, 6, 0, 4, 0, 0, 0, 0, 'MPM WS  ', '0000-00-00 00:00:00', '0000-00-00 00:00:00'),
(196, 'SIMOCO  STATIC VHF RADIO LB', '10922604', 1, 3, 6, 0, 4, 0, 0, 0, 0, 'MPM WS  ', '0000-00-00 00:00:00', '0000-00-00 00:00:00'),
(197, 'SIMOCO  STATIC VHF RADIO LB', '10922618', 1, 3, 6, 0, 4, 0, 0, 0, 0, 'MPM WS  ', '0000-00-00 00:00:00', '0000-00-00 00:00:00'),
(198, 'SIMOCO  STATIC VHF RADIO LB', '216380', 1, 3, 6, 0, 4, 0, 0, 0, 0, 'MPM WS  ', '0000-00-00 00:00:00', '0000-00-00 00:00:00'),
(199, 'SIMOCO  STATIC VHF RADIO LB', '2348', 1, 5, 6, 0, 4, 0, 0, 0, 0, 'TVM STORE FOR CONDEMN  ', '0000-00-00 00:00:00', '0000-00-00 00:00:00'),
(200, 'SIMOCO  STATIC VHF RADIO LB', '9203', 1, 5, 6, 0, 4, 0, 0, 0, 0, 'TVM STORE FOR CONDEMN  ', '0000-00-00 00:00:00', '0000-00-00 00:00:00'),
(201, 'SIMOCO  STATIC VHF RADIO LB', '20090742281', 1, 5, 6, 0, 4, 0, 0, 0, 0, 'TVM STORE FOR CONDEMN  ', '0000-00-00 00:00:00', '0000-00-00 00:00:00'),
(202, 'SIMOCO  STATIC VHF RADIO LB', '10922603', 1, 1, 6, 0, 4, 0, 0, 0, 0, 'MPM WS  ', '0000-00-00 00:00:00', '0000-00-00 00:00:00'),
(203, 'SANCHAR  STATIC VHF RADIO LB', '100758', 1, 1, 2, 0, 4, 0, 0, 0, 0, 'AIRPORT  ', '0000-00-00 00:00:00', '0000-00-00 00:00:00'),
(204, 'SANCHAR  STATIC VHF RADIO LB', '100760', 1, 1, 2, 0, 4, 0, 0, 0, 0, 'DPC OFFICE MPM  ', '0000-00-00 00:00:00', '0000-00-00 00:00:00'),
(205, 'SANCHAR  STATIC VHF RADIO LB', '100752', 1, 1, 2, 0, 4, 0, 0, 0, 0, 'DYSP NILAMBUR MOB KL01CR3953 ', '0000-00-00 00:00:00', '0000-00-00 00:00:00'),
(206, 'SANCHAR  STATIC VHF RADIO LB', '100751', 1, 1, 2, 0, 4, 0, 0, 0, 0, 'DYSP ADMN  KL01BW3694 ', '0000-00-00 00:00:00', '0000-00-00 00:00:00'),
(207, 'SANCHAR  STATIC VHF RADIO LB', '100759', 1, 1, 2, 0, 4, 0, 0, 0, 0, 'THENJIPALAM PS  ', '0000-00-00 00:00:00', '0000-00-00 00:00:00'),
(208, 'SANCHAR  STATIC VHF RADIO LB', 'BASO120220061', 1, 1, 2, 0, 4, 0, 0, 0, 0, 'MALAPURAM PS  ', '0000-00-00 00:00:00', '0000-00-00 00:00:00'),
(209, 'SANCHAR  STATIC VHF RADIO LB', 'BASO120220064', 1, 1, 2, 0, 4, 0, 0, 0, 0, 'DPC CAMP OFFICE  ', '0000-00-00 00:00:00', '0000-00-00 00:00:00'),
(210, 'SANCHAR  STATIC VHF RADIO LB', 'RAD0520220123', 1, 1, 2, 0, 4, 0, 0, 0, 0, 'VAZHAKKAD MOB 2 KL01BW6914 ', '0000-00-00 00:00:00', '0000-00-00 00:00:00'),
(211, 'SANCHAR  STATIC VHF RADIO LB', 'RAD0520220124', 1, 1, 2, 0, 4, 0, 0, 0, 0, 'MANKADA PS  ', '0000-00-00 00:00:00', '0000-00-00 00:00:00'),
(212, 'SANCHAR  STATIC VHF RADIO LB', 'RAD0520220125', 1, 1, 2, 0, 4, 0, 0, 0, 0, 'KOLATHUR PS MOB 2 KL01BK5235 ', '0000-00-00 00:00:00', '0000-00-00 00:00:00'),
(213, 'SANCHAR  STATIC VHF RADIO LB', 'RAD0520220127', 1, 1, 2, 0, 4, 0, 0, 0, 0, 'TANUR CONTROL ROOM  ', '0000-00-00 00:00:00', '0000-00-00 00:00:00'),
(214, 'SANCHAR  STATIC VHF RADIO LB', 'RAD0520220128', 1, 1, 2, 0, 4, 0, 0, 0, 0, 'DYSP OFFICE PTM  ', '0000-00-00 00:00:00', '0000-00-00 00:00:00'),
(215, 'SANCHAR  STATIC VHF RADIO LB', 'RAD0520220129', 1, 1, 2, 0, 4, 0, 0, 0, 0, 'TRUNK  ', '0000-00-00 00:00:00', '0000-00-00 00:00:00'),
(216, 'SANCHAR  STATIC VHF RADIO LB', 'RAD0520220052', 1, 1, 2, 0, 4, 0, 0, 0, 0, 'MPM STORE IP PROGRAMMED ', '0000-00-00 00:00:00', '0000-00-00 00:00:00'),
(217, 'SANCHAR  STATIC VHF RADIO LB', 'RAD0520220054', 1, 1, 2, 0, 4, 0, 0, 0, 0, 'KADAMPUZHA PS  ', '0000-00-00 00:00:00', '0000-00-00 00:00:00'),
(218, 'SANCHAR  STATIC VHF RADIO LB', 'RAD0520220056', 1, 1, 2, 0, 4, 0, 0, 0, 0, 'MPM STORE IP PROGRAMMED ', '0000-00-00 00:00:00', '0000-00-00 00:00:00'),
(219, 'SANCHAR  STATIC VHF RADIO LB', 'RAD0520220126', 1, 1, 2, 0, 4, 0, 0, 0, 0, 'MPM STORE  ', '0000-00-00 00:00:00', '0000-00-00 00:00:00'),
(220, '  STATIC VHF RADIO LB', '100593', 1, 1, 0, 0, 4, 0, 0, 0, 0, 'COLLECTRATE LOAN ', '0000-00-00 00:00:00', '0000-00-00 00:00:00'),
(221, '  STATIC VHF RADIO LB', '100838', 1, 1, 0, 0, 4, 0, 0, 0, 0, 'PINK 2 PTM LOAN KL 01 CJ 4127', '0000-00-00 00:00:00', '0000-00-00 00:00:00'),
(222, '  STATIC VHF RADIO LB', '100852', 1, 1, 0, 0, 4, 0, 0, 0, 0, 'IP TELE  VEHICLE LOAN ', '0000-00-00 00:00:00', '0000-00-00 00:00:00'),
(223, '  STATIC VHF RADIO LB', '100845', 1, 1, 0, 0, 4, 0, 0, 0, 0, 'MPM STORE LOAN ', '0000-00-00 00:00:00', '0000-00-00 00:00:00'),
(224, '  STATIC VHF RADIO LB', '100857', 1, 1, 0, 0, 4, 0, 0, 0, 0, 'MPM STORE LOAN ', '0000-00-00 00:00:00', '0000-00-00 00:00:00'),
(225, 'ANYTONE  STATIC VHF RADIO LB', '600281', 1, 1, 7, 0, 4, 0, 0, 0, 0, 'IP THENJIPALAM KL01CN5215 ', '0000-00-00 00:00:00', '0000-00-00 00:00:00'),
(226, 'ANYTONE  STATIC VHF RADIO LB', '600283', 1, 1, 7, 0, 4, 0, 0, 0, 0, 'IP KALPAKANCHERY KL01CN4988 ', '0000-00-00 00:00:00', '0000-00-00 00:00:00'),
(227, 'ANYTONE  STATIC VHF RADIO LB', '600350', 1, 1, 7, 0, 4, 0, 0, 0, 0, 'EDAVANNA PS  KL01AU4205', '0000-00-00 00:00:00', '0000-00-00 00:00:00'),
(228, 'ANYTONE  STATIC VHF RADIO LB', '600351', 1, 1, 7, 0, 4, 0, 0, 0, 0, 'KARIPUR MOB KL016915 ', '0000-00-00 00:00:00', '0000-00-00 00:00:00'),
(229, 'ANYTONE  STATIC VHF RADIO LB', '600355', 1, 1, 7, 0, 4, 0, 0, 0, 0, 'DPC STRIKER KL01CM2757 ', '0000-00-00 00:00:00', '0000-00-00 00:00:00'),
(230, 'ANYTONE  STATIC VHF RADIO LB', '600518', 1, 1, 7, 0, 4, 0, 0, 0, 0, 'PINK 3 (TIRUR) KLO1 CN 5149 ', '0000-00-00 00:00:00', '0000-00-00 00:00:00'),
(231, 'ANYTONE  STATIC VHF RADIO LB', '600282', 1, 1, 7, 0, 4, 0, 0, 0, 0, 'POOKOTUMPADAM PS  ', '0000-00-00 00:00:00', '0000-00-00 00:00:00'),
(232, 'ANYTONE  STATIC VHF RADIO LB', '600352', 1, 1, 7, 0, 4, 0, 0, 0, 0, 'KADAMPUZHA MOB 2 KL01CT9721 ', '0000-00-00 00:00:00', '0000-00-00 00:00:00'),
(233, 'ANYTONE  STATIC VHF RADIO LB', '600344', 1, 1, 7, 0, 4, 0, 0, 0, 0, 'CHANGARAMKULAM MOB 2 KL01CN4996 ', '0000-00-00 00:00:00', '0000-00-00 00:00:00'),
(234, 'ANYTONE  STATIC VHF RADIO LB', '600513', 1, 1, 7, 0, 4, 0, 0, 0, 0, 'ARC MPM KL01BW5749 ', '0000-00-00 00:00:00', '0000-00-00 00:00:00'),
(235, 'ANYTONE  STATIC VHF RADIO LB', '600390', 1, 1, 7, 0, 4, 0, 0, 0, 0, 'EDAVANNA MOB KL01BQ1794 ', '0000-00-00 00:00:00', '0000-00-00 00:00:00'),
(236, 'ANYTONE  STATIC VHF RADIO LB', '600359', 1, 1, 7, 0, 4, 0, 0, 0, 0, 'TRUNK  ', '0000-00-00 00:00:00', '0000-00-00 00:00:00'),
(237, 'ANYTONE  STATIC VHF RADIO LB', '600342', 1, 4, 7, 0, 4, 0, 0, 0, 0, 'MPM WS FOR COY. SERVICE  ', '0000-00-00 00:00:00', '0000-00-00 00:00:00'),
(238, 'ANYTONE  STATIC VHF RADIO LB', '600284', 1, 1, 7, 0, 4, 0, 0, 0, 0, 'MPM STORE KL01CK2468 ', '0000-00-00 00:00:00', '0000-00-00 00:00:00'),
(239, 'ANYTONE  STATIC VHF RADIO LB', '600280', 1, 1, 7, 0, 4, 0, 0, 0, 0, 'MPM STORE  ', '0000-00-00 00:00:00', '0000-00-00 00:00:00'),
(240, 'ANYTONE  STATIC VHF RADIO LB', '600511', 1, 4, 7, 0, 4, 0, 0, 0, 0, 'MPM WS  ', '0000-00-00 00:00:00', '0000-00-00 00:00:00'),
(241, 'ANYTONE  STATIC VHF RADIO LB', '600514', 1, 3, 7, 0, 4, 0, 0, 0, 0, 'MPM WS   ', '0000-00-00 00:00:00', '0000-00-00 00:00:00'),
(242, 'SANCHAR  STATIC VHF RADIO HB', 'BAS1220210026', 1, 1, 2, 0, 5, 0, 0, 0, 0, 'HB RPTR PROGRAMMED  ', '0000-00-00 00:00:00', '0000-00-00 00:00:00'),
(243, 'SANCHAR  STATIC VHF RADIO HB', 'BAS1220210027', 1, 1, 2, 0, 5, 0, 0, 0, 0, 'HB RPTR PROGRAMMED  ', '0000-00-00 00:00:00', '0000-00-00 00:00:00'),
(244, 'MOTOROLA GM950 STATIC VHF RADIO HB', 'TCS6260', 1, 1, 1, 6, 5, 0, 0, 0, 0, 'TIRUR TC MOB KL01CP2263 ', '0000-00-00 00:00:00', '0000-00-00 00:00:00'),
(245, 'MOTOROLA GM950 STATIC VHF RADIO HB', 'TCS5674', 1, 1, 1, 6, 5, 0, 0, 0, 0, 'MPM STORE  ', '0000-00-00 00:00:00', '0000-00-00 00:00:00'),
(246, 'MOTOROLA GM950 STATIC VHF RADIO HB', 'TDC3308', 1, 4, 1, 6, 5, 0, 0, 0, 0, 'TVM STORE FOR COMP.SERVICE  ', '0000-00-00 00:00:00', '0000-00-00 00:00:00'),
(247, 'MOTOROLA GM950 STATIC VHF RADIO HB', 'TCQ6258', 1, 4, 1, 6, 5, 0, 0, 0, 0, 'TVM STORE FOR COMP.SERVICE  ', '0000-00-00 00:00:00', '0000-00-00 00:00:00'),
(248, 'MOTOROLA GM950 STATIC VHF RADIO HB', 'TCS5832', 1, 5, 1, 6, 5, 0, 0, 0, 0, 'TVM STORE FOR CONDEMN  ', '0000-00-00 00:00:00', '0000-00-00 00:00:00'),
(249, 'MOTOROLA GM950 STATIC VHF RADIO HB', 'TCS6232', 1, 1, 1, 6, 5, 0, 0, 0, 0, 'TRUNK  ', '0000-00-00 00:00:00', '0000-00-00 00:00:00'),
(250, 'MOTOROLA GM950 STATIC VHF RADIO HB', 'TCS6030', 1, 1, 1, 6, 5, 0, 0, 0, 0, 'MPM STORE  ', '0000-00-00 00:00:00', '0000-00-00 00:00:00'),
(251, 'MOTOROLA GM338 STATIC VHF RADIO HB', 'TFAD638', 1, 1, 1, 9, 5, 0, 0, 0, 0, 'Pogrammed as RPTR RX in KGMR107 TGER302 RPTR RX SET AT MPM WS FOR COMP. SERVICE ', '0000-00-00 00:00:00', '0000-00-00 00:00:00'),
(252, 'MOTOROLA GM338 STATIC VHF RADIO HB', 'TFAD585', 1, 1, 1, 9, 5, 0, 0, 0, 0, 'PATCHING HB TIRUR  ', '0000-00-00 00:00:00', '0000-00-00 00:00:00'),
(253, 'MOTOROLA GM338 STATIC VHF RADIO HB', 'TFAD556', 1, 4, 1, 9, 5, 0, 0, 0, 0, 'TVM STORE FOR COMP.SERVICE  ', '0000-00-00 00:00:00', '0000-00-00 00:00:00'),
(254, 'MOTOROLA GM338 STATIC VHF RADIO HB', 'TFAD559', 1, 4, 1, 9, 5, 0, 0, 0, 0, 'TVM STORE FOR COMP.SERVICE  ', '0000-00-00 00:00:00', '0000-00-00 00:00:00'),
(255, 'MOTOROLA GM338 STATIC VHF RADIO HB', 'TFAD557', 1, 4, 1, 9, 5, 0, 0, 0, 0, 'TVM STORE FOR COMP.SERVICE  ', '0000-00-00 00:00:00', '0000-00-00 00:00:00'),
(256, 'MOTOROLA GM338 STATIC VHF RADIO HB', 'TJED528', 1, 1, 1, 9, 5, 0, 0, 0, 0, 'PATCHING HB KOTTAKKUNNU  ', '0000-00-00 00:00:00', '0000-00-00 00:00:00'),
(257, 'MOTOROLA GM338 STATIC VHF RADIO HB', 'TP89908', 1, 1, 1, 9, 5, 0, 0, 0, 0, 'PATCHING HB KOTTAKKUNNU LOAN ', '0000-00-00 00:00:00', '0000-00-00 00:00:00'),
(258, 'MOTOROLA GM338 STATIC VHF RADIO HB', 'TJED507', 1, 1, 1, 9, 5, 0, 0, 0, 0, 'HB RPTR GM338  RX LOAN ', '0000-00-00 00:00:00', '0000-00-00 00:00:00'),
(259, 'HYT  STATIC VHF RADIO HB', '17D16A1115', 1, 1, 8, 0, 5, 0, 0, 0, 0, 'DYSP TIRUR MOB KL01CH3963 ', '0000-00-00 00:00:00', '0000-00-00 00:00:00'),
(260, 'HYT  STATIC VHF RADIO HB', '17D16A1114', 1, 1, 8, 0, 5, 0, 0, 0, 0, 'IP TIRUR MOB KL01CR5960 ', '0000-00-00 00:00:00', '0000-00-00 00:00:00'),
(261, 'HYT  STATIC VHF RADIO HB', '17D16A1136', 1, 1, 8, 0, 5, 0, 0, 0, 0, 'TANUR CTRL MOB CRV5 KL01BK5171 ', '0000-00-00 00:00:00', '0000-00-00 00:00:00'),
(262, 'HYT  STATIC VHF RADIO HB', '17D16A1133', 1, 1, 8, 0, 5, 0, 0, 0, 0, 'TANUR CTRL MOB CRV7 KL01AC5151 ', '0000-00-00 00:00:00', '0000-00-00 00:00:00'),
(263, 'HYT  STATIC VHF RADIO HB', '17D16A1137', 1, 1, 8, 0, 5, 0, 0, 0, 0, 'TIRUR PS MOB KL01CH8049 ', '0000-00-00 00:00:00', '0000-00-00 00:00:00'),
(264, 'HYT  STATIC VHF RADIO HB', '17D16A1138', 1, 1, 8, 0, 5, 0, 0, 0, 0, 'IP TANUR MOB KL01CT9726 ', '0000-00-00 00:00:00', '0000-00-00 00:00:00'),
(265, 'HYT  STATIC VHF RADIO HB', '17D16A1116', 1, 1, 8, 0, 5, 0, 0, 0, 0, 'TANUR STRIKER KL01BZ6991 ', '0000-00-00 00:00:00', '0000-00-00 00:00:00'),
(266, 'HYT  STATIC VHF RADIO HB', '17D16A1033', 1, 1, 8, 0, 5, 0, 0, 0, 0, 'MANJERI TC MOB KL01BL3042 ', '0000-00-00 00:00:00', '0000-00-00 00:00:00'),
(267, 'HYT  STATIC VHF RADIO HB', '17D16A1139', 1, 1, 8, 0, 5, 0, 0, 0, 0, 'PERINTHALMANNA TC MOB KL01BL5281 ', '0000-00-00 00:00:00', '0000-00-00 00:00:00'),
(268, 'HYT  STATIC VHF RADIO HB', '17D16A1156', 1, 1, 8, 0, 5, 0, 0, 0, 0, 'MPM STORE  ', '0000-00-00 00:00:00', '0000-00-00 00:00:00'),
(269, 'HYT  STATIC VHF RADIO HB', '17D16A1135', 1, 1, 8, 0, 5, 0, 0, 0, 0, 'DYSP TANUR MOB KL01CR3954 ', '0000-00-00 00:00:00', '0000-00-00 00:00:00'),
(270, 'HYT  STATIC VHF RADIO HB', '17D16A1199', 1, 1, 8, 0, 5, 0, 0, 0, 0, 'MALAPPURAM PS   ', '0000-00-00 00:00:00', '0000-00-00 00:00:00'),
(271, 'HYT  STATIC VHF RADIO HB', '17D16A1134', 1, 1, 8, 0, 5, 0, 0, 0, 0, 'TANUR MOB KL01CH8041 ', '0000-00-00 00:00:00', '0000-00-00 00:00:00'),
(272, 'HYT  STATIC VHF RADIO HB', '17D16A1090', 1, 1, 8, 0, 5, 0, 0, 0, 0, 'TANUR CONTROL  ', '0000-00-00 00:00:00', '0000-00-00 00:00:00'),
(273, 'HYT  STATIC VHF RADIO HB', '17D16A1280', 1, 1, 8, 0, 5, 0, 0, 0, 0, 'TANUR PS MOB CRV 3 KL01BR9648 ', '0000-00-00 00:00:00', '0000-00-00 00:00:00'),
(274, 'HYT  STATIC VHF RADIO HB', '17D16A1140', 1, 3, 8, 0, 5, 0, 0, 0, 0, 'MPM WS R/B CWS ', '0000-00-00 00:00:00', '0000-00-00 00:00:00'),
(275, 'ICOM STATIC ICF5023  STATIC VHF RADIO HB', '322519', 1, 1, 9, 0, 5, 0, 0, 0, 0, 'MPM STORE  ', '0000-00-00 00:00:00', '0000-00-00 00:00:00'),
(276, 'MOTOROLA GM300 STATIC VHF RADIO HB', 'KBKZ807', 1, 1, 1, 10, 5, 0, 0, 0, 0, 'PANDALLUR  ', '0000-00-00 00:00:00', '0000-00-00 00:00:00'),
(277, 'MOTOROLA GM300 STATIC VHF RADIO HB', 'KBKZ808', 1, 3, 1, 10, 5, 0, 0, 0, 0, 'MPM W/S  ', '0000-00-00 00:00:00', '0000-00-00 00:00:00'),
(278, 'MOTOROLA GM300 STATIC VHF RADIO HB', 'KBKZ809', 1, 3, 1, 10, 5, 0, 0, 0, 0, 'MPM W/S  ', '0000-00-00 00:00:00', '0000-00-00 00:00:00'),
(279, 'MOTOROLA GM338 STATIC UHF RADIO', 'TLU4461', 1, 1, 1, 9, 6, 0, 0, 0, 0, 'MPM TC PS  ', '0000-00-00 00:00:00', '0000-00-00 00:00:00'),
(280, 'MOTOROLA GM338 STATIC UHF RADIO', 'TLSD070', 1, 1, 1, 9, 6, 0, 0, 0, 0, 'SSB  ', '0000-00-00 00:00:00', '0000-00-00 00:00:00'),
(281, 'MOTOROLA GM338 STATIC UHF RADIO', 'TLSD112', 1, 1, 1, 9, 6, 0, 0, 0, 0, 'DYSP ADMIN  ', '0000-00-00 00:00:00', '0000-00-00 00:00:00'),
(282, 'MOTOROLA GM338 STATIC UHF RADIO', 'TLU4460', 1, 1, 1, 9, 6, 0, 0, 0, 0, 'PATCHING STANDBY  ', '0000-00-00 00:00:00', '0000-00-00 00:00:00'),
(283, 'MOTOROLA GM338 STATIC UHF RADIO', 'TLS8485', 1, 1, 1, 9, 6, 0, 0, 0, 0, 'TRUNK ID SET  ', '0000-00-00 00:00:00', '0000-00-00 00:00:00'),
(284, 'MOTOROLA GM338 STATIC UHF RADIO', 'TLU4498', 1, 1, 1, 9, 6, 0, 0, 0, 0, 'MPM STORE orgnl rptr prgrmd ', '0000-00-00 00:00:00', '0000-00-00 00:00:00'),
(285, 'MOTOROLA GM338 STATIC UHF RADIO', 'TLU4453', 1, 1, 1, 9, 6, 0, 0, 0, 0, 'MPM STORE  ', '0000-00-00 00:00:00', '0000-00-00 00:00:00'),
(286, 'MOTOROLA GM338 STATIC UHF RADIO', 'TLS8516', 1, 1, 1, 9, 6, 0, 0, 0, 0, 'MPM STORE  ', '0000-00-00 00:00:00', '0000-00-00 00:00:00'),
(287, 'MOTOROLA GM338 STATIC UHF RADIO', 'TLU4462', 1, 1, 1, 9, 6, 0, 0, 0, 0, 'MPM STORE PATCHING ', '0000-00-00 00:00:00', '0000-00-00 00:00:00'),
(288, 'MOTOROLA GM338 STATIC UHF RADIO', 'TLU4454', 1, 1, 1, 9, 6, 0, 0, 0, 0, 'MPM STORE  ', '0000-00-00 00:00:00', '0000-00-00 00:00:00'),
(289, 'MOTOROLA GM338 STATIC UHF RADIO', 'TLU4458', 1, 1, 1, 9, 6, 0, 0, 0, 0, 'MPM STORE  ', '0000-00-00 00:00:00', '0000-00-00 00:00:00'),
(290, 'MOTOROLA GM338 STATIC UHF RADIO', 'TLS8515', 1, 1, 1, 9, 6, 0, 0, 0, 0, 'MPM STORE  ', '0000-00-00 00:00:00', '0000-00-00 00:00:00'),
(291, 'HYT  STATIC UHF RADIO', '18A0346', 1, 1, 8, 0, 6, 0, 0, 0, 0, 'STANDBY  ', '0000-00-00 00:00:00', '0000-00-00 00:00:00'),
(292, 'HYT  STATIC UHF RADIO', '18A0371', 1, 1, 8, 0, 6, 0, 0, 0, 0, 'CYBER PS  ', '0000-00-00 00:00:00', '0000-00-00 00:00:00'),
(293, 'HYT  STATIC UHF RADIO', '18A0362', 1, 1, 8, 0, 6, 0, 0, 0, 0, 'STANDBY  ', '0000-00-00 00:00:00', '0000-00-00 00:00:00'),
(294, 'VERTEX  600 STATIC HF RADIO', '501EH213', 1, 1, 10, 11, 7, 0, 0, 0, 0, 'MPM W/S  ', '0000-00-00 00:00:00', '0000-00-00 00:00:00'),
(295, 'VERTEX  600 STATIC HF RADIO', '501EH215', 1, 1, 10, 11, 7, 0, 0, 0, 0, 'TELE OFFICE  ', '0000-00-00 00:00:00', '0000-00-00 00:00:00'),
(296, 'VERTEX  600 STATIC HF RADIO', '501EH214', 1, 3, 10, 11, 7, 0, 0, 0, 0, 'MPM W/S  ', '0000-00-00 00:00:00', '0000-00-00 00:00:00'),
(297, 'VERTEX  600 STATIC HF RADIO', '501EH216', 1, 3, 10, 11, 7, 0, 0, 0, 0, 'MPM W/S  ', '0000-00-00 00:00:00', '0000-00-00 00:00:00'),
(298, 'MOTOROLA GP328 HANDHELD VHF RADIO HB', 'TDC1516', 1, 1, 1, 12, 8, 0, 0, 0, 0, 'SOG AKD 1 ', '0000-00-00 00:00:00', '0000-00-00 00:00:00'),
(299, 'MOTOROLA GP328 HANDHELD VHF RADIO HB', 'TDC4976', 1, 1, 1, 12, 8, 0, 0, 0, 0, 'SOG AKD 2 ', '0000-00-00 00:00:00', '0000-00-00 00:00:00'),
(300, 'MOTOROLA GP328 HANDHELD VHF RADIO HB', 'TDCE492', 1, 1, 1, 12, 8, 0, 0, 0, 0, 'SOG AKD 3 ', '0000-00-00 00:00:00', '0000-00-00 00:00:00'),
(301, 'MOTOROLA GP328 HANDHELD VHF RADIO HB', 'TLCH803', 1, 1, 1, 12, 8, 0, 0, 0, 0, 'SOG AKD 4 ', '0000-00-00 00:00:00', '0000-00-00 00:00:00'),
(302, 'MOTOROLA GP328 HANDHELD VHF RADIO HB', 'TGPE419', 1, 1, 1, 12, 8, 0, 0, 0, 0, 'SOG AKD 5 ', '0000-00-00 00:00:00', '0000-00-00 00:00:00'),
(303, 'MOTOROLA GP328 HANDHELD VHF RADIO HB', 'TFCA337', 1, 1, 1, 12, 8, 0, 0, 0, 0, 'SOG AKD 6 ', '0000-00-00 00:00:00', '0000-00-00 00:00:00'),
(304, 'MOTOROLA GP328 HANDHELD VHF RADIO HB', 'TDCE388', 1, 1, 1, 12, 8, 0, 0, 0, 0, 'SOG AKD 7 ', '0000-00-00 00:00:00', '0000-00-00 00:00:00'),
(305, 'MOTOROLA GP328 HANDHELD VHF RADIO HB', 'TDCE722', 1, 1, 1, 12, 8, 0, 0, 0, 0, 'SOG AKD 8 ', '0000-00-00 00:00:00', '0000-00-00 00:00:00'),
(306, 'MOTOROLA GP328 HANDHELD VHF RADIO HB', 'TDCE742', 1, 1, 1, 12, 8, 0, 0, 0, 0, 'SOG AKD 9 ', '0000-00-00 00:00:00', '0000-00-00 00:00:00'),
(307, 'MOTOROLA GP328 HANDHELD VHF RADIO HB', 'TDCE732', 1, 1, 1, 12, 8, 0, 0, 0, 0, 'SOG AKD 10 ', '0000-00-00 00:00:00', '0000-00-00 00:00:00'),
(308, 'MOTOROLA GP328 HANDHELD VHF RADIO HB', 'TDCE725', 1, 1, 1, 12, 8, 0, 0, 0, 0, 'SOG AKD 11 ', '0000-00-00 00:00:00', '0000-00-00 00:00:00'),
(309, 'MOTOROLA GP328 HANDHELD VHF RADIO HB', 'TDCE740', 1, 1, 1, 12, 8, 0, 0, 0, 0, 'SOG AKD 12 ', '0000-00-00 00:00:00', '0000-00-00 00:00:00'),
(310, 'MOTOROLA GP328 HANDHELD VHF RADIO HB', 'TDCE481', 1, 1, 1, 12, 8, 0, 0, 0, 0, 'SOG AKD 13 ', '0000-00-00 00:00:00', '0000-00-00 00:00:00'),
(311, 'MOTOROLA GP328 HANDHELD VHF RADIO HB', 'TDCE737', 1, 1, 1, 12, 8, 0, 0, 0, 0, 'SOG AKD 14 ', '0000-00-00 00:00:00', '0000-00-00 00:00:00'),
(312, 'MOTOROLA GP328 HANDHELD VHF RADIO HB', 'TDCE376/736', 1, 1, 1, 12, 8, 0, 0, 0, 0, 'SOG AKD 15 ', '0000-00-00 00:00:00', '0000-00-00 00:00:00'),
(313, 'MOTOROLA GP328 HANDHELD VHF RADIO HB', 'TDCE348', 1, 1, 1, 12, 8, 0, 0, 0, 0, 'SOG AKD 16 ', '0000-00-00 00:00:00', '0000-00-00 00:00:00'),
(314, 'MOTOROLA GP328 HANDHELD VHF RADIO HB', 'TDCE711', 1, 1, 1, 12, 8, 0, 0, 0, 0, 'SOG AKD 17 ', '0000-00-00 00:00:00', '0000-00-00 00:00:00'),
(315, 'MOTOROLA GP328 HANDHELD VHF RADIO HB', 'TFCA327', 1, 1, 1, 12, 8, 0, 0, 0, 0, 'SOG AKD 18 ', '0000-00-00 00:00:00', '0000-00-00 00:00:00'),
(316, 'MOTOROLA GP328 HANDHELD VHF RADIO HB', 'TFCA343', 1, 1, 1, 12, 8, 0, 0, 0, 0, 'SOG AKD 19 ', '0000-00-00 00:00:00', '0000-00-00 00:00:00'),
(317, 'MOTOROLA GP328 HANDHELD VHF RADIO HB', 'TCSA818', 1, 1, 1, 12, 8, 0, 0, 0, 0, 'SOG AKD 20 ', '0000-00-00 00:00:00', '0000-00-00 00:00:00'),
(318, 'MOTOROLA GP328 HANDHELD VHF RADIO HB', 'TCSA709', 1, 1, 1, 12, 8, 0, 0, 0, 0, 'SOG AKD 21 ', '0000-00-00 00:00:00', '0000-00-00 00:00:00'),
(319, 'MOTOROLA GP328 HANDHELD VHF RADIO HB', 'TJUH025', 1, 1, 1, 12, 8, 0, 0, 0, 0, 'SOG AKD 22 ', '0000-00-00 00:00:00', '0000-00-00 00:00:00'),
(320, 'MOTOROLA GP328 HANDHELD VHF RADIO HB', 'TJUH506', 1, 1, 1, 12, 8, 0, 0, 0, 0, 'SOG AKD 23 ', '0000-00-00 00:00:00', '0000-00-00 00:00:00'),
(321, 'MOTOROLA GP328 HANDHELD VHF RADIO HB', 'TDC1396', 1, 1, 1, 12, 8, 0, 0, 0, 0, 'SOG AKD 24 ', '0000-00-00 00:00:00', '0000-00-00 00:00:00'),
(322, 'MOTOROLA GP328 HANDHELD VHF RADIO HB', 'TJYO246', 1, 1, 1, 12, 8, 0, 0, 0, 0, 'SOG AKD 25 ', '0000-00-00 00:00:00', '0000-00-00 00:00:00'),
(323, 'MOTOROLA GP328 HANDHELD VHF RADIO HB', 'THNR087', 1, 1, 1, 12, 8, 0, 0, 0, 0, 'SOG AKD 26 ', '0000-00-00 00:00:00', '0000-00-00 00:00:00'),
(324, 'MOTOROLA GP328 HANDHELD VHF RADIO HB', 'TFC9030', 1, 1, 1, 12, 8, 0, 0, 0, 0, 'SOG AKD 27 ', '0000-00-00 00:00:00', '0000-00-00 00:00:00'),
(325, 'MOTOROLA GP328 HANDHELD VHF RADIO HB', 'THQJ009', 1, 1, 1, 12, 8, 0, 0, 0, 0, 'SOG AKD 28 ', '0000-00-00 00:00:00', '0000-00-00 00:00:00'),
(326, 'MOTOROLA GP328 HANDHELD VHF RADIO HB', 'TCD1133', 1, 1, 1, 12, 8, 0, 0, 0, 0, 'SOG AKD 29 ', '0000-00-00 00:00:00', '0000-00-00 00:00:00'),
(327, 'MOTOROLA GP328 HANDHELD VHF RADIO HB', 'TDCE515', 1, 1, 1, 12, 8, 0, 0, 0, 0, 'SOG AKD 30 ', '0000-00-00 00:00:00', '0000-00-00 00:00:00'),
(328, 'MOTOROLA GP328 HANDHELD VHF RADIO HB', 'TDCE326', 1, 1, 1, 12, 8, 0, 0, 0, 0, 'SOG AKD 31 ', '0000-00-00 00:00:00', '0000-00-00 00:00:00'),
(329, 'MOTOROLA GP328 HANDHELD VHF RADIO HB', 'TDCE703', 1, 1, 1, 12, 8, 0, 0, 0, 0, 'SOG AKD 32 ', '0000-00-00 00:00:00', '0000-00-00 00:00:00'),
(330, 'MOTOROLA GP328 HANDHELD VHF RADIO HB', 'TDCE519', 1, 1, 1, 12, 8, 0, 0, 0, 0, 'SOG AKD 33 ', '0000-00-00 00:00:00', '0000-00-00 00:00:00'),
(331, 'MOTOROLA GP328 HANDHELD VHF RADIO HB', 'TJUJ125', 1, 1, 1, 12, 8, 0, 0, 0, 0, 'SOG AKD 34 ', '0000-00-00 00:00:00', '0000-00-00 00:00:00'),
(332, 'MOTOROLA GP328 HANDHELD VHF RADIO HB', 'TJUJ234', 1, 1, 1, 12, 8, 0, 0, 0, 0, 'SOG AKD 35 ', '0000-00-00 00:00:00', '0000-00-00 00:00:00');
INSERT INTO `products` (`id`, `title`, `serial_number`, `availability_id`, `status_id`, `brand_id`, `model_id`, `categorie_id`, `location_id`, `dep_point_id`, `media_id`, `active`, `remarks`, `date`, `timestamp`) VALUES
(333, 'MOTOROLA GP328 HANDHELD VHF RADIO HB', 'TJY0362', 1, 1, 1, 12, 8, 0, 0, 0, 0, 'SOG AKD 36 ', '0000-00-00 00:00:00', '0000-00-00 00:00:00'),
(334, 'MOTOROLA GP328 HANDHELD VHF RADIO HB', 'TJY0314', 1, 1, 1, 12, 8, 0, 0, 0, 0, 'SOG AKD 37 ', '0000-00-00 00:00:00', '0000-00-00 00:00:00'),
(335, 'MOTOROLA GP328 HANDHELD VHF RADIO HB', 'TJY0359', 1, 1, 1, 12, 8, 0, 0, 0, 0, 'SOG AKD 38 ', '0000-00-00 00:00:00', '0000-00-00 00:00:00'),
(336, 'MOTOROLA GP328 HANDHELD VHF RADIO HB', 'TECC799', 1, 1, 1, 12, 8, 0, 0, 0, 0, 'SOG AKD 39 ', '0000-00-00 00:00:00', '0000-00-00 00:00:00'),
(337, 'MOTOROLA GP328 HANDHELD VHF RADIO HB', 'TFC9298', 1, 1, 1, 12, 8, 0, 0, 0, 0, 'SOG AKD 40 ', '0000-00-00 00:00:00', '0000-00-00 00:00:00'),
(338, 'MOTOROLA GP328 HANDHELD VHF RADIO HB', 'TJUK120', 1, 1, 1, 12, 8, 0, 0, 0, 0, 'SOG AKD 41 ', '0000-00-00 00:00:00', '0000-00-00 00:00:00'),
(339, 'MOTOROLA GP328 HANDHELD VHF RADIO HB', 'TJWK134', 1, 1, 1, 12, 8, 0, 0, 0, 0, 'SOG AKD 42 ', '0000-00-00 00:00:00', '0000-00-00 00:00:00'),
(340, 'MOTOROLA GP328 HANDHELD VHF RADIO HB', 'TFC9476', 1, 1, 1, 12, 8, 0, 0, 0, 0, 'SOG AKD 43 ', '0000-00-00 00:00:00', '0000-00-00 00:00:00'),
(341, 'MOTOROLA GP328 HANDHELD VHF RADIO HB', 'THQH630', 1, 1, 1, 12, 8, 0, 0, 0, 0, 'SOG AKD 44 ', '0000-00-00 00:00:00', '0000-00-00 00:00:00'),
(342, 'MOTOROLA GP328 HANDHELD VHF RADIO HB', 'TDCE229', 1, 1, 1, 12, 8, 0, 0, 0, 0, 'SOG AKD 45 ', '0000-00-00 00:00:00', '0000-00-00 00:00:00'),
(343, 'MOTOROLA GP328 HANDHELD VHF RADIO HB', 'TCSA900', 1, 1, 1, 12, 8, 0, 0, 0, 0, 'SOG AKD 46 ', '0000-00-00 00:00:00', '0000-00-00 00:00:00'),
(344, 'MOTOROLA GP328 HANDHELD VHF RADIO HB', 'TLCJ498', 1, 1, 1, 12, 8, 0, 0, 0, 0, 'SOG AKD 47 ', '0000-00-00 00:00:00', '0000-00-00 00:00:00'),
(345, 'MOTOROLA GP328 HANDHELD VHF RADIO HB', 'TLCJ500', 1, 1, 1, 12, 8, 0, 0, 0, 0, 'SOG AKD 48 ', '0000-00-00 00:00:00', '0000-00-00 00:00:00'),
(346, 'MOTOROLA GP328 HANDHELD VHF RADIO HB', 'TDCE273', 1, 1, 1, 12, 8, 0, 0, 0, 0, 'SOG AKD 49 ', '0000-00-00 00:00:00', '0000-00-00 00:00:00'),
(347, 'MOTOROLA GP328 HANDHELD VHF RADIO HB', 'TLCJ502', 1, 1, 1, 12, 8, 0, 0, 0, 0, 'SOG AKD 50 ', '0000-00-00 00:00:00', '0000-00-00 00:00:00'),
(348, 'MOTOROLA GP328 HANDHELD VHF RADIO HB', 'THM9835', 1, 1, 1, 12, 8, 0, 0, 0, 0, 'SOG AKD 51 ', '0000-00-00 00:00:00', '0000-00-00 00:00:00'),
(349, 'MOTOROLA GP328 HANDHELD VHF RADIO HB', 'TLCH517', 1, 1, 1, 12, 8, 0, 0, 0, 0, 'SOG AKD 52 ', '0000-00-00 00:00:00', '0000-00-00 00:00:00'),
(350, 'MOTOROLA GP328 HANDHELD VHF RADIO HB', 'TDCE336', 1, 1, 1, 12, 8, 0, 0, 0, 0, 'SOG AKD 53 ', '0000-00-00 00:00:00', '0000-00-00 00:00:00'),
(351, 'MOTOROLA GP328 HANDHELD VHF RADIO HB', 'TDCE738', 1, 1, 1, 12, 8, 0, 0, 0, 0, 'SOG AKD 54 ', '0000-00-00 00:00:00', '0000-00-00 00:00:00'),
(352, 'MOTOROLA GP328 HANDHELD VHF RADIO HB', 'TFGO835', 1, 1, 1, 12, 8, 0, 0, 0, 0, 'SOG AKD 55 ', '0000-00-00 00:00:00', '0000-00-00 00:00:00'),
(353, 'MOTOROLA GP328 HANDHELD VHF RADIO HB', 'TLCG555', 1, 1, 1, 12, 8, 0, 0, 0, 0, 'SOG AKD 56 ', '0000-00-00 00:00:00', '0000-00-00 00:00:00'),
(354, 'MOTOROLA GP328 HANDHELD VHF RADIO HB', 'TDAQ273', 1, 1, 1, 12, 8, 0, 0, 0, 0, 'MPM STORE  ', '0000-00-00 00:00:00', '0000-00-00 00:00:00'),
(355, 'MOTOROLA GP328 HANDHELD VHF RADIO HB', 'TDCE347', 1, 1, 1, 12, 8, 0, 0, 0, 0, 'MPM STORE  ', '0000-00-00 00:00:00', '0000-00-00 00:00:00'),
(356, 'MOTOROLA GP328 HANDHELD VHF RADIO HB', 'TCSA852', 1, 1, 1, 12, 8, 0, 0, 0, 0, 'MPM STORE  ', '0000-00-00 00:00:00', '0000-00-00 00:00:00'),
(357, 'MOTOROLA GP328 HANDHELD VHF RADIO HB', 'TDCE344', 1, 1, 1, 12, 8, 0, 0, 0, 0, 'MPM STORE  ', '0000-00-00 00:00:00', '0000-00-00 00:00:00'),
(358, 'MOTOROLA GP328 HANDHELD VHF RADIO HB', 'TFC9323', 1, 3, 1, 12, 8, 0, 0, 0, 0, 'TIRUR TC (COURT)  ', '0000-00-00 00:00:00', '0000-00-00 00:00:00'),
(359, 'MOTOROLA GP328 HANDHELD VHF RADIO HB', 'TFCA451', 1, 3, 1, 12, 8, 0, 0, 0, 0, 'TVM STORE 26 ', '0000-00-00 00:00:00', '0000-00-00 00:00:00'),
(360, 'MOTOROLA GP328 HANDHELD VHF RADIO HB', 'TDCD614', 1, 3, 1, 12, 8, 0, 0, 0, 0, 'TVM STORE  ', '0000-00-00 00:00:00', '0000-00-00 00:00:00'),
(361, 'MOTOROLA GP328 HANDHELD VHF RADIO HB', 'TJY2439', 1, 3, 1, 12, 8, 0, 0, 0, 0, 'TVM STORE  ', '0000-00-00 00:00:00', '0000-00-00 00:00:00'),
(362, 'MOTOROLA GP328 HANDHELD VHF RADIO HB', 'TLCH801', 1, 3, 1, 12, 8, 0, 0, 0, 0, 'TVM STORE  ', '0000-00-00 00:00:00', '0000-00-00 00:00:00'),
(363, 'MOTOROLA GP328 HANDHELD VHF RADIO HB', 'THQJ008', 1, 3, 1, 12, 8, 0, 0, 0, 0, 'TVM STORE  ', '0000-00-00 00:00:00', '0000-00-00 00:00:00'),
(364, 'MOTOROLA GP328 HANDHELD VHF RADIO HB', 'TFCA342', 1, 3, 1, 12, 8, 0, 0, 0, 0, 'TVM STORE  ', '0000-00-00 00:00:00', '0000-00-00 00:00:00'),
(365, 'MOTOROLA GP328 HANDHELD VHF RADIO HB', 'TFGO429', 1, 3, 1, 12, 8, 0, 0, 0, 0, 'TVM STORE  ', '0000-00-00 00:00:00', '0000-00-00 00:00:00'),
(366, 'MOTOROLA GP328 HANDHELD VHF RADIO HB', 'TFC9428', 1, 3, 1, 12, 8, 0, 0, 0, 0, 'TVM STORE  ', '0000-00-00 00:00:00', '0000-00-00 00:00:00'),
(367, 'MOTOROLA GP328 HANDHELD VHF RADIO HB', 'TGPE478', 1, 3, 1, 12, 8, 0, 0, 0, 0, 'TVM STORE  ', '0000-00-00 00:00:00', '0000-00-00 00:00:00'),
(368, 'MOTOROLA GP328 HANDHELD VHF RADIO HB', 'TFC9436', 1, 3, 1, 12, 8, 0, 0, 0, 0, 'TVM STORE  ', '0000-00-00 00:00:00', '0000-00-00 00:00:00'),
(369, 'MOTOROLA GP328 HANDHELD VHF RADIO HB', 'TFGO662', 1, 3, 1, 12, 8, 0, 0, 0, 0, 'TVM STORE  ', '0000-00-00 00:00:00', '0000-00-00 00:00:00'),
(370, 'MOTOROLA GP328 HANDHELD VHF RADIO HB', 'TFCA311', 1, 3, 1, 12, 8, 0, 0, 0, 0, 'TVM STORE  ', '0000-00-00 00:00:00', '0000-00-00 00:00:00'),
(371, 'MOTOROLA GP328 HANDHELD VHF RADIO HB', 'TFC9427', 1, 3, 1, 12, 8, 0, 0, 0, 0, 'TVM STORE  ', '0000-00-00 00:00:00', '0000-00-00 00:00:00'),
(372, 'MOTOROLA GP328 HANDHELD VHF RADIO HB', 'TCSA830', 1, 3, 1, 12, 8, 0, 0, 0, 0, 'TVM STORE  ', '0000-00-00 00:00:00', '0000-00-00 00:00:00'),
(373, 'MOTOROLA GP328 HANDHELD VHF RADIO HB', 'TDC5050', 1, 3, 1, 12, 8, 0, 0, 0, 0, 'TVM STORE  ', '0000-00-00 00:00:00', '0000-00-00 00:00:00'),
(374, 'MOTOROLA GP328 HANDHELD VHF RADIO HB', 'TDCE728', 1, 3, 1, 12, 8, 0, 0, 0, 0, 'TVM STORE  ', '0000-00-00 00:00:00', '0000-00-00 00:00:00'),
(375, 'MOTOROLA GP328 HANDHELD VHF RADIO HB', 'TDAP908', 1, 3, 1, 12, 8, 0, 0, 0, 0, 'TVM STORE  ', '0000-00-00 00:00:00', '0000-00-00 00:00:00'),
(376, 'MOTOROLA GP328 HANDHELD VHF RADIO HB', 'TDCE734', 1, 3, 1, 12, 8, 0, 0, 0, 0, 'TVM STORE  ', '0000-00-00 00:00:00', '0000-00-00 00:00:00'),
(377, 'MOTOROLA GP328 HANDHELD VHF RADIO HB', 'TDCE723', 1, 3, 1, 12, 8, 0, 0, 0, 0, 'TVM STORE  ', '0000-00-00 00:00:00', '0000-00-00 00:00:00'),
(378, 'MOTOROLA GP328 HANDHELD VHF RADIO HB', 'TDCE486', 1, 3, 1, 12, 8, 0, 0, 0, 0, 'TVM STORE  ', '0000-00-00 00:00:00', '0000-00-00 00:00:00'),
(379, 'MOTOROLA GP328 HANDHELD VHF RADIO HB', 'TDCE757', 1, 3, 1, 12, 8, 0, 0, 0, 0, 'TVM STORE  ', '0000-00-00 00:00:00', '0000-00-00 00:00:00'),
(380, 'MOTOROLA GP328 HANDHELD VHF RADIO HB', 'TDCE415', 1, 3, 1, 12, 8, 0, 0, 0, 0, 'TVM STORE  ', '0000-00-00 00:00:00', '0000-00-00 00:00:00'),
(381, 'MOTOROLA GP328 HANDHELD VHF RADIO HB', 'TDC4982', 1, 3, 1, 12, 8, 0, 0, 0, 0, 'TVM STORE  ', '0000-00-00 00:00:00', '0000-00-00 00:00:00'),
(382, 'MOTOROLA GP328 HANDHELD VHF RADIO HB', 'TDCE688', 1, 5, 1, 12, 8, 0, 0, 0, 0, 'TVM STORE FOR CONDEMN  ', '0000-00-00 00:00:00', '0000-00-00 00:00:00'),
(383, 'MOTOROLA GP328 HANDHELD VHF RADIO HB', 'TECC819', 1, 5, 1, 12, 8, 0, 0, 0, 0, 'TVM STORE FOR CONDEMN  ', '0000-00-00 00:00:00', '0000-00-00 00:00:00'),
(384, 'MOTOROLA GP328 HANDHELD VHF RADIO HB', 'TJUJ128', 1, 5, 1, 12, 8, 0, 0, 0, 0, 'TVM STORE FOR CONDEMN  ', '0000-00-00 00:00:00', '0000-00-00 00:00:00'),
(385, 'MOTOROLA GP328 HANDHELD VHF RADIO HB', 'TDCE353', 1, 3, 1, 12, 8, 0, 0, 0, 0, 'MPM WS  ', '0000-00-00 00:00:00', '0000-00-00 00:00:00'),
(386, 'MOTOROLA GP328 HANDHELD VHF RADIO HB', 'TDCE470', 1, 3, 1, 12, 8, 0, 0, 0, 0, 'MPM WS  ', '0000-00-00 00:00:00', '0000-00-00 00:00:00'),
(387, 'MOTOROLA GP328 HANDHELD VHF RADIO HB', 'TDCE321', 1, 3, 1, 12, 8, 0, 0, 0, 0, 'MPM WS  ', '0000-00-00 00:00:00', '0000-00-00 00:00:00'),
(388, 'KENWOOD TK 2207S HANDHELD VHF RADIO HB', 'B7B11322', 1, 1, 4, 13, 8, 0, 0, 0, 0, 'MANJERI TRAFFIC 9 ', '0000-00-00 00:00:00', '0000-00-00 00:00:00'),
(389, 'KENWOOD TK 2207S HANDHELD VHF RADIO HB', 'B7B10320', 1, 1, 4, 13, 8, 0, 0, 0, 0, 'MANJERI TRAFFIC  ', '0000-00-00 00:00:00', '0000-00-00 00:00:00'),
(390, 'KENWOOD TK 2207S HANDHELD VHF RADIO HB', 'B7B10319', 1, 1, 4, 13, 8, 0, 0, 0, 0, 'MANJERI TRAFFIC  ', '0000-00-00 00:00:00', '0000-00-00 00:00:00'),
(391, 'KENWOOD TK 2207S HANDHELD VHF RADIO HB', 'B7B10318', 1, 1, 4, 13, 8, 0, 0, 0, 0, 'MANJERI TRAFFIC  ', '0000-00-00 00:00:00', '0000-00-00 00:00:00'),
(392, 'KENWOOD TK 2207S HANDHELD VHF RADIO HB', 'B7B10317', 1, 1, 4, 13, 8, 0, 0, 0, 0, 'MANJERI TRAFFIC  ', '0000-00-00 00:00:00', '0000-00-00 00:00:00'),
(393, 'KENWOOD TK 2207S HANDHELD VHF RADIO HB', 'B7B11321', 1, 1, 4, 13, 8, 0, 0, 0, 0, 'MANJERI TRAFFIC  ', '0000-00-00 00:00:00', '0000-00-00 00:00:00'),
(394, 'KENWOOD TK 2207S HANDHELD VHF RADIO HB', 'B7B11323', 1, 1, 4, 13, 8, 0, 0, 0, 0, 'MANJERI TRAFFIC  ', '0000-00-00 00:00:00', '0000-00-00 00:00:00'),
(395, 'KENWOOD TK 2207S HANDHELD VHF RADIO HB', 'B7B11325', 1, 1, 4, 13, 8, 0, 0, 0, 0, 'MANJERI TRAFFIC  ', '0000-00-00 00:00:00', '0000-00-00 00:00:00'),
(396, 'KENWOOD TK 2207S HANDHELD VHF RADIO HB', 'B7B11326', 1, 1, 4, 13, 8, 0, 0, 0, 0, 'MANJERI TRAFFIC  ', '0000-00-00 00:00:00', '0000-00-00 00:00:00'),
(397, 'KENWOOD TK 2207S HANDHELD VHF RADIO HB', 'B7B10315', 1, 1, 4, 13, 8, 0, 0, 0, 0, 'PERINTHALMANNA TRAFFIC 9 ', '0000-00-00 00:00:00', '0000-00-00 00:00:00'),
(398, 'KENWOOD TK 2207S HANDHELD VHF RADIO HB', 'B7B10314', 1, 1, 4, 13, 8, 0, 0, 0, 0, 'PERINTHALMANNA TRAFFIC  ', '0000-00-00 00:00:00', '0000-00-00 00:00:00'),
(399, 'KENWOOD TK 2207S HANDHELD VHF RADIO HB', 'B7B10311', 1, 1, 4, 13, 8, 0, 0, 0, 0, 'PERINTHALMANNA TRAFFIC  ', '0000-00-00 00:00:00', '0000-00-00 00:00:00'),
(400, 'KENWOOD TK 2207S HANDHELD VHF RADIO HB', 'B7B10313', 1, 1, 4, 13, 8, 0, 0, 0, 0, 'PERINTHALMANNA TRAFFIC  ', '0000-00-00 00:00:00', '0000-00-00 00:00:00'),
(401, 'KENWOOD TK 2207S HANDHELD VHF RADIO HB', 'B7B10312', 1, 1, 4, 13, 8, 0, 0, 0, 0, 'PERINTHALMANNA TRAFFIC  ', '0000-00-00 00:00:00', '0000-00-00 00:00:00'),
(402, 'KENWOOD TK 2207S HANDHELD VHF RADIO HB', 'B7B10840', 1, 1, 4, 13, 8, 0, 0, 0, 0, 'PERINTHALMANNA TRAFFIC  ', '0000-00-00 00:00:00', '0000-00-00 00:00:00'),
(403, 'KENWOOD TK 2207S HANDHELD VHF RADIO HB', 'B7B10839', 1, 1, 4, 13, 8, 0, 0, 0, 0, 'PERINTHALMANNA TRAFFIC  ', '0000-00-00 00:00:00', '0000-00-00 00:00:00'),
(404, 'KENWOOD TK 2207S HANDHELD VHF RADIO HB', 'B7B10837', 1, 1, 4, 13, 8, 0, 0, 0, 0, 'PERINTHALMANNA TRAFFIC  ', '0000-00-00 00:00:00', '0000-00-00 00:00:00'),
(405, 'KENWOOD TK 2207S HANDHELD VHF RADIO HB', 'B7B10316', 1, 1, 4, 13, 8, 0, 0, 0, 0, 'PERINTHALMANNA TRAFFIC  ', '0000-00-00 00:00:00', '0000-00-00 00:00:00'),
(406, 'KENWOOD TK 2207S HANDHELD VHF RADIO HB', 'B7B10015', 1, 1, 4, 13, 8, 0, 0, 0, 0, 'DYSP TIRUR OFFICE 1 ', '0000-00-00 00:00:00', '0000-00-00 00:00:00'),
(407, 'KENWOOD TK 2207S HANDHELD VHF RADIO HB', 'B7B11327', 1, 1, 4, 13, 8, 0, 0, 0, 0, 'TIRUR TC 8 ', '0000-00-00 00:00:00', '0000-00-00 00:00:00'),
(408, 'KENWOOD TK 2207S HANDHELD VHF RADIO HB', 'B7B10014', 1, 1, 4, 13, 8, 0, 0, 0, 0, 'TIRUR TC  ', '0000-00-00 00:00:00', '0000-00-00 00:00:00'),
(409, 'KENWOOD TK 2207S HANDHELD VHF RADIO HB', 'B7B11328', 1, 1, 4, 13, 8, 0, 0, 0, 0, 'TIRUR TC  ', '0000-00-00 00:00:00', '0000-00-00 00:00:00'),
(410, 'KENWOOD TK 2207S HANDHELD VHF RADIO HB', 'B7B10013', 1, 1, 4, 13, 8, 0, 0, 0, 0, 'TIRUR TC  ', '0000-00-00 00:00:00', '0000-00-00 00:00:00'),
(411, 'KENWOOD TK 2207S HANDHELD VHF RADIO HB', 'B7B10012', 1, 1, 4, 13, 8, 0, 0, 0, 0, 'TIRUR TC  ', '0000-00-00 00:00:00', '0000-00-00 00:00:00'),
(412, 'KENWOOD TK 2207S HANDHELD VHF RADIO HB', 'B7B10011', 1, 1, 4, 13, 8, 0, 0, 0, 0, 'TIRUR TC  ', '0000-00-00 00:00:00', '0000-00-00 00:00:00'),
(413, 'KENWOOD TK 2207S HANDHELD VHF RADIO HB', 'B7B11330', 1, 1, 4, 13, 8, 0, 0, 0, 0, 'TIRUR TC  ', '0000-00-00 00:00:00', '0000-00-00 00:00:00'),
(414, 'KENWOOD TK 2207S HANDHELD VHF RADIO HB', 'B7B11329', 1, 1, 4, 13, 8, 0, 0, 0, 0, 'TIRUR TC  ', '0000-00-00 00:00:00', '0000-00-00 00:00:00'),
(415, 'KENWOOD TK 2207S HANDHELD VHF RADIO HB', 'B7B11417', 1, 1, 4, 13, 8, 0, 0, 0, 0, 'MPM STORE 1 ', '0000-00-00 00:00:00', '0000-00-00 00:00:00'),
(416, 'KENWOOD TK 2207S HANDHELD VHF RADIO HB', 'B7B10642', 1, 1, 4, 13, 8, 0, 0, 0, 0, 'MPM STORE 2 ', '0000-00-00 00:00:00', '0000-00-00 00:00:00'),
(417, 'KENWOOD TK 2207S HANDHELD VHF RADIO HB', 'B7B10718', 1, 1, 4, 13, 8, 0, 0, 0, 0, 'MPM STORE 3 ', '0000-00-00 00:00:00', '0000-00-00 00:00:00'),
(418, 'KENWOOD TK 2207S HANDHELD VHF RADIO HB', 'B7B10836', 1, 1, 4, 13, 8, 0, 0, 0, 0, 'MPM STORE 4 ', '0000-00-00 00:00:00', '0000-00-00 00:00:00'),
(419, 'KENWOOD TK 2207S HANDHELD VHF RADIO HB', 'B7B11416', 1, 1, 4, 13, 8, 0, 0, 0, 0, 'MPM STORE 5 ', '0000-00-00 00:00:00', '0000-00-00 00:00:00'),
(420, 'KENWOOD TK 2207S HANDHELD VHF RADIO HB', 'B7B10713', 1, 1, 4, 13, 8, 0, 0, 0, 0, 'MPM STORE 6 ', '0000-00-00 00:00:00', '0000-00-00 00:00:00'),
(421, 'KENWOOD TK 2207S HANDHELD VHF RADIO HB', 'B7B10712', 1, 1, 4, 13, 8, 0, 0, 0, 0, 'MPM STORE 7 ', '0000-00-00 00:00:00', '0000-00-00 00:00:00'),
(422, 'KENWOOD TK 2207S HANDHELD VHF RADIO HB', 'B7B10650', 1, 1, 4, 13, 8, 0, 0, 0, 0, 'MPM STORE 8 ', '0000-00-00 00:00:00', '0000-00-00 00:00:00'),
(423, 'KENWOOD TK 2207S HANDHELD VHF RADIO HB', 'B7B11412', 1, 1, 4, 13, 8, 0, 0, 0, 0, 'MPM STORE 9 ', '0000-00-00 00:00:00', '0000-00-00 00:00:00'),
(424, 'KENWOOD TK 2207S HANDHELD VHF RADIO HB', 'B7B11420', 1, 1, 4, 13, 8, 0, 0, 0, 0, 'MPM STORE 10 ', '0000-00-00 00:00:00', '0000-00-00 00:00:00'),
(425, 'KENWOOD TK 2207S HANDHELD VHF RADIO HB', 'B7B11413', 1, 1, 4, 13, 8, 0, 0, 0, 0, 'MPM STORE 11 ', '0000-00-00 00:00:00', '0000-00-00 00:00:00'),
(426, 'KENWOOD TK 2207S HANDHELD VHF RADIO HB', 'B7B11400', 1, 1, 4, 13, 8, 0, 0, 0, 0, 'MPM STORE 12 ', '0000-00-00 00:00:00', '0000-00-00 00:00:00'),
(427, 'KENWOOD TK 2207S HANDHELD VHF RADIO HB', 'B7B11393', 1, 1, 4, 13, 8, 0, 0, 0, 0, 'MPM STORE 13 ', '0000-00-00 00:00:00', '0000-00-00 00:00:00'),
(428, 'KENWOOD TK 2207S HANDHELD VHF RADIO HB', 'B7B10019', 1, 1, 4, 13, 8, 0, 0, 0, 0, '  MPM STORE 14 ', '0000-00-00 00:00:00', '0000-00-00 00:00:00'),
(429, 'KENWOOD TK 2207S HANDHELD VHF RADIO HB', 'B7B10645', 1, 1, 4, 13, 8, 0, 0, 0, 0, 'MPM STORE 15 ', '0000-00-00 00:00:00', '0000-00-00 00:00:00'),
(430, 'KENWOOD TK 2207S HANDHELD VHF RADIO HB', 'B7B10717', 1, 1, 4, 13, 8, 0, 0, 0, 0, 'MPM STORE 16 ', '0000-00-00 00:00:00', '0000-00-00 00:00:00'),
(431, 'KENWOOD TK 2207S HANDHELD VHF RADIO HB', 'B7B10647', 1, 1, 4, 13, 8, 0, 0, 0, 0, 'MPM STORE 17 ', '0000-00-00 00:00:00', '0000-00-00 00:00:00'),
(432, 'KENWOOD TK 2207S HANDHELD VHF RADIO HB', 'B7B10711', 1, 1, 4, 13, 8, 0, 0, 0, 0, 'MPM STORE 18 ', '0000-00-00 00:00:00', '0000-00-00 00:00:00'),
(433, 'KENWOOD TK 2207S HANDHELD VHF RADIO HB', 'B7B11399', 1, 1, 4, 13, 8, 0, 0, 0, 0, 'MPM STORE 19 ', '0000-00-00 00:00:00', '0000-00-00 00:00:00'),
(434, 'KENWOOD TK 2207S HANDHELD VHF RADIO HB', 'B7B10017', 1, 1, 4, 13, 8, 0, 0, 0, 0, 'MPM STORE 20 ', '0000-00-00 00:00:00', '0000-00-00 00:00:00'),
(435, 'KENWOOD TK 2207S HANDHELD VHF RADIO HB', 'B7B11415', 1, 1, 4, 13, 8, 0, 0, 0, 0, 'MPM STORE 21 ', '0000-00-00 00:00:00', '0000-00-00 00:00:00'),
(436, 'KENWOOD TK 2207S HANDHELD VHF RADIO HB', 'B7B11419', 1, 1, 4, 13, 8, 0, 0, 0, 0, 'MPM STORE 22 ', '0000-00-00 00:00:00', '0000-00-00 00:00:00'),
(437, 'KENWOOD TK 2207S HANDHELD VHF RADIO HB', 'B7B10720', 1, 1, 4, 13, 8, 0, 0, 0, 0, 'MPM STORE 23 ', '0000-00-00 00:00:00', '0000-00-00 00:00:00'),
(438, 'KENWOOD TK 2207S HANDHELD VHF RADIO HB', 'B7B10644', 1, 1, 4, 13, 8, 0, 0, 0, 0, 'MPM STORE 24 ', '0000-00-00 00:00:00', '0000-00-00 00:00:00'),
(439, 'KENWOOD TK 2207S HANDHELD VHF RADIO HB', 'B7B11411', 1, 1, 4, 13, 8, 0, 0, 0, 0, 'MPM STORE 25 ', '0000-00-00 00:00:00', '0000-00-00 00:00:00'),
(440, 'KENWOOD TK 2207S HANDHELD VHF RADIO HB', 'B7B10832', 1, 1, 4, 13, 8, 0, 0, 0, 0, 'MPM STORE 26 ', '0000-00-00 00:00:00', '0000-00-00 00:00:00'),
(441, 'KENWOOD TK 2207S HANDHELD VHF RADIO HB', 'B7B10716', 1, 1, 4, 13, 8, 0, 0, 0, 0, 'MPM STORE 27 ', '0000-00-00 00:00:00', '0000-00-00 00:00:00'),
(442, 'KENWOOD TK 2207S HANDHELD VHF RADIO HB', 'B7B10715', 1, 1, 4, 13, 8, 0, 0, 0, 0, 'MPM STORE 28 ', '0000-00-00 00:00:00', '0000-00-00 00:00:00'),
(443, 'KENWOOD TK 2207S HANDHELD VHF RADIO HB', 'B7B10641', 1, 1, 4, 13, 8, 0, 0, 0, 0, 'MPM STORE 29 ', '0000-00-00 00:00:00', '0000-00-00 00:00:00'),
(444, 'KENWOOD TK 2207S HANDHELD VHF RADIO HB', 'B7B10648', 1, 1, 4, 13, 8, 0, 0, 0, 0, 'MPM STORE 30 ', '0000-00-00 00:00:00', '0000-00-00 00:00:00'),
(445, 'KENWOOD TK 2207S HANDHELD VHF RADIO HB', 'B7B11395', 1, 1, 4, 13, 8, 0, 0, 0, 0, 'MPM STORE 31 ', '0000-00-00 00:00:00', '0000-00-00 00:00:00'),
(446, 'KENWOOD TK 2207S HANDHELD VHF RADIO HB', 'B7B11418', 1, 1, 4, 13, 8, 0, 0, 0, 0, 'MPM STORE 32 ', '0000-00-00 00:00:00', '0000-00-00 00:00:00'),
(447, 'KENWOOD TK 2207S HANDHELD VHF RADIO HB', 'B7B10719', 1, 1, 4, 13, 8, 0, 0, 0, 0, 'MPM STORE 33 ', '0000-00-00 00:00:00', '0000-00-00 00:00:00'),
(448, 'KENWOOD TK 2207S HANDHELD VHF RADIO HB', 'B7B10016', 1, 1, 4, 13, 8, 0, 0, 0, 0, 'MPM STORE 34 ', '0000-00-00 00:00:00', '0000-00-00 00:00:00'),
(449, 'KENWOOD TK 2207S HANDHELD VHF RADIO HB', 'B7B10020', 1, 1, 4, 13, 8, 0, 0, 0, 0, 'MPM STORE 35 ', '0000-00-00 00:00:00', '0000-00-00 00:00:00'),
(450, 'KENWOOD TK 2207S HANDHELD VHF RADIO HB', 'B7B10643', 1, 1, 4, 13, 8, 0, 0, 0, 0, 'MPM STORE 36 ', '0000-00-00 00:00:00', '0000-00-00 00:00:00'),
(451, 'KENWOOD TK 2207S HANDHELD VHF RADIO HB', 'B7B10835', 1, 1, 4, 13, 8, 0, 0, 0, 0, 'MPM STORE 37 ', '0000-00-00 00:00:00', '0000-00-00 00:00:00'),
(452, 'KENWOOD TK 2207S HANDHELD VHF RADIO HB', 'B7B10018', 1, 1, 4, 13, 8, 0, 0, 0, 0, 'MPM STORE 38 ', '0000-00-00 00:00:00', '0000-00-00 00:00:00'),
(453, 'KENWOOD TK 2207S HANDHELD VHF RADIO HB', 'B7B11391', 1, 1, 4, 13, 8, 0, 0, 0, 0, 'MPM STORE 39 ', '0000-00-00 00:00:00', '0000-00-00 00:00:00'),
(454, 'KENWOOD TK 2207S HANDHELD VHF RADIO HB', 'B7B11397', 1, 1, 4, 13, 8, 0, 0, 0, 0, 'MPM STORE 40 ', '0000-00-00 00:00:00', '0000-00-00 00:00:00'),
(455, 'KENWOOD TK 2207S HANDHELD VHF RADIO HB', 'B7B10831', 1, 1, 4, 13, 8, 0, 0, 0, 0, 'MPM STORE 41 ', '0000-00-00 00:00:00', '0000-00-00 00:00:00'),
(456, 'KENWOOD TK 2207S HANDHELD VHF RADIO HB', 'B7B10834', 1, 1, 4, 13, 8, 0, 0, 0, 0, 'MPM STORE 42 ', '0000-00-00 00:00:00', '0000-00-00 00:00:00'),
(457, 'KENWOOD TK 2207S HANDHELD VHF RADIO HB', 'B7B11394', 1, 1, 4, 13, 8, 0, 0, 0, 0, 'MPM STORE 43 ', '0000-00-00 00:00:00', '0000-00-00 00:00:00'),
(458, 'KENWOOD TK 2207S HANDHELD VHF RADIO HB', 'B7B11396', 1, 1, 4, 13, 8, 0, 0, 0, 0, 'MPM STORE 44 ', '0000-00-00 00:00:00', '0000-00-00 00:00:00'),
(459, 'KENWOOD TK 2207S HANDHELD VHF RADIO HB', 'B7B10714', 1, 1, 4, 13, 8, 0, 0, 0, 0, 'MPM STORE 45 ', '0000-00-00 00:00:00', '0000-00-00 00:00:00'),
(460, 'KENWOOD TK 2207S HANDHELD VHF RADIO HB', 'B7B11324', 1, 3, 4, 13, 8, 0, 0, 0, 0, 'MPM WS 46 ', '0000-00-00 00:00:00', '0000-00-00 00:00:00'),
(461, 'KENWOOD TK 2207S HANDHELD VHF RADIO HB', 'B7B10833', 1, 3, 4, 13, 8, 0, 0, 0, 0, 'MPM WS 47 ', '0000-00-00 00:00:00', '0000-00-00 00:00:00'),
(462, 'KENWOOD TK 2207S HANDHELD VHF RADIO HB', 'B7B10838', 1, 1, 4, 13, 8, 0, 0, 0, 0, 'MPM STORE 48 ', '0000-00-00 00:00:00', '0000-00-00 00:00:00'),
(463, 'KENWOOD TK 2207S HANDHELD VHF RADIO HB', 'B7B11392', 1, 1, 4, 13, 8, 0, 0, 0, 0, 'MPM STORE 49 ', '0000-00-00 00:00:00', '0000-00-00 00:00:00'),
(464, 'KENWOOD TK 2207S HANDHELD VHF RADIO HB', 'B7B11398', 1, 1, 4, 13, 8, 0, 0, 0, 0, 'MPM STORE 50 ', '0000-00-00 00:00:00', '0000-00-00 00:00:00'),
(465, 'KENWOOD TK 2207S HANDHELD VHF RADIO HB', 'B7B11414', 1, 1, 4, 13, 8, 0, 0, 0, 0, 'MPM STORE 51 ', '0000-00-00 00:00:00', '0000-00-00 00:00:00'),
(466, 'KENWOOD TK 2207S HANDHELD VHF RADIO HB', 'B7B10649', 1, 1, 4, 13, 8, 0, 0, 0, 0, 'MPM STORE 52 ', '0000-00-00 00:00:00', '0000-00-00 00:00:00'),
(467, 'KENWOOD TK 2207S HANDHELD VHF RADIO HB', 'B7B10646', 1, 1, 4, 13, 8, 0, 0, 0, 0, 'MPM STORE 53 ', '0000-00-00 00:00:00', '0000-00-00 00:00:00'),
(468, 'MOTOROLA GP338PLUS HANDHELD VHF RADIO HB', 'THQ3318', 1, 2, 1, 14, 8, 0, 0, 0, 0, 'MPM STORE  ', '0000-00-00 00:00:00', '0000-00-00 00:00:00'),
(469, 'MOTOROLA GP338PLUS HANDHELD VHF RADIO HB', 'THQ3325', 1, 2, 1, 14, 8, 0, 0, 0, 0, 'MPM STORE  ', '0000-00-00 00:00:00', '0000-00-00 00:00:00'),
(470, 'MOTOROLA GP338PLUS HANDHELD VHF RADIO HB', 'THQ3396', 1, 2, 1, 14, 8, 0, 0, 0, 0, 'MPM STORE  ', '0000-00-00 00:00:00', '0000-00-00 00:00:00'),
(471, 'MOTOROLA GP338PLUS HANDHELD VHF RADIO HB', 'THQ3324', 1, 2, 1, 14, 8, 0, 0, 0, 0, 'MPM STORE  ', '0000-00-00 00:00:00', '0000-00-00 00:00:00'),
(472, 'MOTOROLA GP338PLUS HANDHELD VHF RADIO HB', 'THQ3333', 1, 2, 1, 14, 8, 0, 0, 0, 0, 'MPM STORE  ', '0000-00-00 00:00:00', '0000-00-00 00:00:00'),
(473, 'MOTOROLA GP338 HANDHELD VHF RADIO HB', 'HEU5768', 1, 1, 1, 15, 8, 0, 0, 0, 0, 'SOG AKD  ', '0000-00-00 00:00:00', '0000-00-00 00:00:00'),
(474, 'MOTOROLA GP338 HANDHELD VHF RADIO HB', 'HEU5769', 1, 1, 1, 15, 8, 0, 0, 0, 0, 'MPM STORE  ', '0000-00-00 00:00:00', '0000-00-00 00:00:00'),
(475, 'MOTOROLA GP338 HANDHELD VHF RADIO HB', 'HEU7126', 1, 1, 1, 15, 8, 0, 0, 0, 0, 'MPM STORE  ', '0000-00-00 00:00:00', '0000-00-00 00:00:00'),
(476, 'MOTOROLA GP328 HANDHELD UHF RADIO', 'TMA7562', 1, 1, 1, 12, 9, 0, 0, 0, 0, 'AIRPORT 3 ', '0000-00-00 00:00:00', '0000-00-00 00:00:00'),
(477, 'MOTOROLA GP328 HANDHELD UHF RADIO', 'TMA7063', 1, 1, 1, 12, 9, 0, 0, 0, 0, 'AIRPORT  ', '0000-00-00 00:00:00', '0000-00-00 00:00:00'),
(478, 'MOTOROLA GP328 HANDHELD UHF RADIO', 'TMCD029', 1, 1, 1, 12, 9, 0, 0, 0, 0, 'AIRPORT  ', '0000-00-00 00:00:00', '0000-00-00 00:00:00'),
(479, 'MOTOROLA GP328 HANDHELD UHF RADIO', 'TMA7529', 1, 1, 1, 12, 9, 0, 0, 0, 0, 'CYBER PS 1 ', '0000-00-00 00:00:00', '0000-00-00 00:00:00'),
(480, 'MOTOROLA GP328 HANDHELD UHF RADIO', 'TMA7347', 1, 1, 1, 12, 9, 0, 0, 0, 0, 'DPC OFFICE 1 ', '0000-00-00 00:00:00', '0000-00-00 00:00:00'),
(481, 'MOTOROLA GP328 HANDHELD UHF RADIO', 'TMA 6572', 1, 1, 1, 12, 9, 0, 0, 0, 0, 'DPC CAMP 1 ', '0000-00-00 00:00:00', '0000-00-00 00:00:00'),
(482, 'MOTOROLA GP328 HANDHELD UHF RADIO', 'TMA7291', 1, 1, 1, 12, 9, 0, 0, 0, 0, 'DPC GUARD DUTY 2 ', '0000-00-00 00:00:00', '0000-00-00 00:00:00'),
(483, 'MOTOROLA GP328 HANDHELD UHF RADIO', 'TMA7126', 1, 1, 1, 12, 9, 0, 0, 0, 0, 'DPC GUARD DUTY  ', '0000-00-00 00:00:00', '0000-00-00 00:00:00'),
(484, 'MOTOROLA GP328 HANDHELD UHF RADIO', 'TMCC876', 1, 1, 1, 12, 9, 0, 0, 0, 0, 'DYSP MPM OFFICE 1 ', '0000-00-00 00:00:00', '0000-00-00 00:00:00'),
(485, 'MOTOROLA GP328 HANDHELD UHF RADIO', 'TMA6776', 1, 1, 1, 12, 9, 0, 0, 0, 0, 'DYSP SB 2 ', '0000-00-00 00:00:00', '0000-00-00 00:00:00'),
(486, 'MOTOROLA GP328 HANDHELD UHF RADIO', 'TMA6780', 1, 1, 1, 12, 9, 0, 0, 0, 0, 'DYSP DCRB 1 ', '0000-00-00 00:00:00', '0000-00-00 00:00:00'),
(487, 'MOTOROLA GP328 HANDHELD UHF RADIO', 'TMA7105', 1, 1, 1, 12, 9, 0, 0, 0, 0, 'DYSP ADMN 1 ', '0000-00-00 00:00:00', '0000-00-00 00:00:00'),
(488, 'MOTOROLA GP328 HANDHELD UHF RADIO', 'TMCC885', 1, 1, 1, 12, 9, 0, 0, 0, 0, 'CONTROL ROOM MPM 1 ', '0000-00-00 00:00:00', '0000-00-00 00:00:00'),
(489, 'MOTOROLA GP328 HANDHELD UHF RADIO', 'TMA7415', 1, 1, 1, 12, 9, 0, 0, 0, 0, 'Dec-01', '0000-00-00 00:00:00', '0000-00-00 00:00:00'),
(490, 'MOTOROLA GP328 HANDHELD UHF RADIO', 'TMA6669', 1, 1, 1, 12, 9, 0, 0, 0, 0, 'NBR MSP 3 ', '0000-00-00 00:00:00', '0000-00-00 00:00:00'),
(491, 'MOTOROLA GP328 HANDHELD UHF RADIO', 'TMCC452', 1, 1, 1, 12, 9, 0, 0, 0, 0, 'NBR MSP  ', '0000-00-00 00:00:00', '0000-00-00 00:00:00'),
(492, 'MOTOROLA GP328 HANDHELD UHF RADIO', 'TMCC446', 1, 1, 1, 12, 9, 0, 0, 0, 0, 'NBR MSP  ', '0000-00-00 00:00:00', '0000-00-00 00:00:00'),
(493, 'MOTOROLA GP328 HANDHELD UHF RADIO', 'TMA6526', 1, 1, 1, 12, 9, 0, 0, 0, 0, 'AR CAMP 5 ', '0000-00-00 00:00:00', '0000-00-00 00:00:00'),
(494, 'MOTOROLA GP328 HANDHELD UHF RADIO', 'TMA7075', 1, 1, 1, 12, 9, 0, 0, 0, 0, 'AR CAMP  ', '0000-00-00 00:00:00', '0000-00-00 00:00:00'),
(495, 'MOTOROLA GP328 HANDHELD UHF RADIO', 'TMA7470', 1, 1, 1, 12, 9, 0, 0, 0, 0, 'AR CAMP  ', '0000-00-00 00:00:00', '0000-00-00 00:00:00'),
(496, 'MOTOROLA GP328 HANDHELD UHF RADIO', 'TMA7190', 1, 1, 1, 12, 9, 0, 0, 0, 0, 'AR CAMP  ', '0000-00-00 00:00:00', '0000-00-00 00:00:00'),
(497, 'MOTOROLA GP328 HANDHELD UHF RADIO', 'TLYT677', 1, 1, 1, 12, 9, 0, 0, 0, 0, 'AR CAMP  ', '0000-00-00 00:00:00', '0000-00-00 00:00:00'),
(498, 'MOTOROLA GP328 HANDHELD UHF RADIO', 'TMCC763', 1, 1, 1, 12, 9, 0, 0, 0, 0, 'WOMEN CELL 1 ', '0000-00-00 00:00:00', '0000-00-00 00:00:00'),
(499, 'MOTOROLA GP328 HANDHELD UHF RADIO', 'TMA7305', 1, 1, 1, 12, 9, 0, 0, 0, 0, 'TELE GD 1 ', '0000-00-00 00:00:00', '0000-00-00 00:00:00'),
(500, 'MOTOROLA GP328 HANDHELD UHF RADIO', 'TMA1493', 1, 1, 1, 12, 9, 0, 0, 0, 0, 'WOMEN PS 1 ', '0000-00-00 00:00:00', '0000-00-00 00:00:00'),
(501, 'MOTOROLA GP328 HANDHELD UHF RADIO', 'TMA7564', 1, 1, 1, 12, 9, 0, 0, 0, 0, 'IP TELE 1 ', '0000-00-00 00:00:00', '0000-00-00 00:00:00'),
(502, 'MOTOROLA GP328 HANDHELD UHF RADIO', 'TMA6631', 1, 1, 1, 12, 9, 0, 0, 0, 0, 'DYSP SB 1 ', '0000-00-00 00:00:00', '0000-00-00 00:00:00'),
(503, 'MOTOROLA GP328 HANDHELD UHF RADIO', 'TMA7482', 1, 1, 1, 12, 9, 0, 0, 0, 0, 'RRRF KLARI 4 ', '0000-00-00 00:00:00', '0000-00-00 00:00:00'),
(504, 'MOTOROLA GP328 HANDHELD UHF RADIO', 'TMA6794', 1, 1, 1, 12, 9, 0, 0, 0, 0, 'RRRF KLARI  ', '0000-00-00 00:00:00', '0000-00-00 00:00:00'),
(505, 'MOTOROLA GP328 HANDHELD UHF RADIO', 'TMA6887', 1, 1, 1, 12, 9, 0, 0, 0, 0, 'RRRF KLARI  ', '0000-00-00 00:00:00', '0000-00-00 00:00:00'),
(506, 'MOTOROLA GP328 HANDHELD UHF RADIO', 'TMCD122', 1, 1, 1, 12, 9, 0, 0, 0, 0, 'RRRF KLARI  ', '0000-00-00 00:00:00', '0000-00-00 00:00:00'),
(507, 'MOTOROLA GP328 HANDHELD UHF RADIO', 'TMA7396', 1, 1, 1, 12, 9, 0, 0, 0, 0, 'MSP HQ 5 ', '0000-00-00 00:00:00', '0000-00-00 00:00:00'),
(508, 'MOTOROLA GP328 HANDHELD UHF RADIO', 'TMA 1478', 1, 1, 1, 12, 9, 0, 0, 0, 0, 'MSP HQ  ', '0000-00-00 00:00:00', '0000-00-00 00:00:00'),
(509, 'MOTOROLA GP328 HANDHELD UHF RADIO', 'TMCC718', 1, 1, 1, 12, 9, 0, 0, 0, 0, 'MSP HQ  ', '0000-00-00 00:00:00', '0000-00-00 00:00:00'),
(510, 'MOTOROLA GP328 HANDHELD UHF RADIO', 'TMA7258', 1, 1, 1, 12, 9, 0, 0, 0, 0, 'MSP HQ  ', '0000-00-00 00:00:00', '0000-00-00 00:00:00'),
(511, 'MOTOROLA GP328 HANDHELD UHF RADIO', 'TMA7417', 1, 1, 1, 12, 9, 0, 0, 0, 0, 'MSP HQ  ', '0000-00-00 00:00:00', '0000-00-00 00:00:00'),
(512, 'MOTOROLA GP328 HANDHELD UHF RADIO', 'TMA7526', 1, 1, 1, 12, 9, 0, 0, 0, 0, 'KONDOTTY SD  ', '0000-00-00 00:00:00', '0000-00-00 00:00:00'),
(513, 'MOTOROLA GP328 HANDHELD UHF RADIO', 'TMCC735', 1, 1, 1, 12, 9, 0, 0, 0, 0, 'KONDOTTY SD  ', '0000-00-00 00:00:00', '0000-00-00 00:00:00'),
(514, 'MOTOROLA GP328 HANDHELD UHF RADIO', 'TMA 6620', 1, 1, 1, 12, 9, 0, 0, 0, 0, 'KONDOTTY SD  ', '0000-00-00 00:00:00', '0000-00-00 00:00:00'),
(515, 'MOTOROLA GP328 HANDHELD UHF RADIO', 'TMCC870', 1, 1, 1, 12, 9, 0, 0, 0, 0, 'KONDOTTY SD  ', '0000-00-00 00:00:00', '0000-00-00 00:00:00'),
(516, 'MOTOROLA GP328 HANDHELD UHF RADIO', 'TMA7166', 1, 1, 1, 12, 9, 0, 0, 0, 0, 'KONDOTTY SD  ', '0000-00-00 00:00:00', '0000-00-00 00:00:00'),
(517, 'MOTOROLA GP328 HANDHELD UHF RADIO', 'TMCD116', 1, 1, 1, 12, 9, 0, 0, 0, 0, 'KONDOTTY SD  ', '0000-00-00 00:00:00', '0000-00-00 00:00:00'),
(518, 'MOTOROLA GP328 HANDHELD UHF RADIO', 'TMCC458', 1, 1, 1, 12, 9, 0, 0, 0, 0, 'MPM STORE 1 ', '0000-00-00 00:00:00', '0000-00-00 00:00:00'),
(519, 'MOTOROLA GP328 HANDHELD UHF RADIO', 'TMA1411', 1, 1, 1, 12, 9, 0, 0, 0, 0, 'MPM STORE 2 ', '0000-00-00 00:00:00', '0000-00-00 00:00:00'),
(520, 'MOTOROLA GP328 HANDHELD UHF RADIO', 'TMA1480', 1, 1, 1, 12, 9, 0, 0, 0, 0, 'MPM STORE/ NO ID 3 ', '0000-00-00 00:00:00', '0000-00-00 00:00:00'),
(521, 'MOTOROLA GP328 HANDHELD UHF RADIO', 'TMA6957', 1, 1, 1, 12, 9, 0, 0, 0, 0, 'MPM STORE 4 ', '0000-00-00 00:00:00', '0000-00-00 00:00:00'),
(522, 'MOTOROLA GP328 HANDHELD UHF RADIO', 'TMA6852', 1, 1, 1, 12, 9, 0, 0, 0, 0, 'MPM STORE 5 ', '0000-00-00 00:00:00', '0000-00-00 00:00:00'),
(523, 'MOTOROLA GP328 HANDHELD UHF RADIO', 'TMCD023', 1, 1, 1, 12, 9, 0, 0, 0, 0, 'MPM STORE 6 ', '0000-00-00 00:00:00', '0000-00-00 00:00:00'),
(524, 'MOTOROLA GP328 HANDHELD UHF RADIO', 'TMCD059', 1, 1, 1, 12, 9, 0, 0, 0, 0, 'MPM STORE 7 ', '0000-00-00 00:00:00', '0000-00-00 00:00:00'),
(525, 'MOTOROLA GP328 HANDHELD UHF RADIO', 'TMA7476', 1, 1, 1, 12, 9, 0, 0, 0, 0, 'MPM STORE 8 ', '0000-00-00 00:00:00', '0000-00-00 00:00:00'),
(526, 'MOTOROLA GP328 HANDHELD UHF RADIO', 'TMCC742', 1, 1, 1, 12, 9, 0, 0, 0, 0, 'MPM STORE 9 ', '0000-00-00 00:00:00', '0000-00-00 00:00:00'),
(527, 'MOTOROLA GP328 HANDHELD UHF RADIO', 'TMA6896', 1, 1, 1, 12, 9, 0, 0, 0, 0, 'MPM STORE 10 ', '0000-00-00 00:00:00', '0000-00-00 00:00:00'),
(528, 'MOTOROLA GP328 HANDHELD UHF RADIO', 'TMCC882', 1, 1, 1, 12, 9, 0, 0, 0, 0, 'MPM STORE 11 ', '0000-00-00 00:00:00', '0000-00-00 00:00:00'),
(529, 'MOTOROLA GP328 HANDHELD UHF RADIO', 'TMA7552', 1, 1, 1, 12, 9, 0, 0, 0, 0, 'MPM STORE 12 ', '0000-00-00 00:00:00', '0000-00-00 00:00:00'),
(530, 'MOTOROLA GP328 HANDHELD UHF RADIO', 'TMCD072', 1, 1, 1, 12, 9, 0, 0, 0, 0, 'MPM STORE 13 ', '0000-00-00 00:00:00', '0000-00-00 00:00:00'),
(531, 'MOTOROLA GP328 HANDHELD UHF RADIO', 'TMA7192', 1, 1, 1, 12, 9, 0, 0, 0, 0, 'MPM STORE 14 ', '0000-00-00 00:00:00', '0000-00-00 00:00:00'),
(532, 'MOTOROLA GP328 HANDHELD UHF RADIO', 'TMCC757', 1, 1, 1, 12, 9, 0, 0, 0, 0, 'MPM STORE 15 NO ID', '0000-00-00 00:00:00', '0000-00-00 00:00:00'),
(533, 'MOTOROLA GP328 HANDHELD UHF RADIO', 'TMCD022', 1, 1, 1, 12, 9, 0, 0, 0, 0, 'MPM STORE 16 ', '0000-00-00 00:00:00', '0000-00-00 00:00:00'),
(534, 'MOTOROLA GP328 HANDHELD UHF RADIO', 'TMA6898', 1, 1, 1, 12, 9, 0, 0, 0, 0, 'MPM STORE 17 ', '0000-00-00 00:00:00', '0000-00-00 00:00:00'),
(535, 'MOTOROLA GP328 HANDHELD UHF RADIO', 'TMCD017', 1, 1, 1, 12, 9, 0, 0, 0, 0, 'MPM STORE/ NO ID 18 ', '0000-00-00 00:00:00', '0000-00-00 00:00:00'),
(536, 'MOTOROLA GP328 HANDHELD UHF RADIO', 'TMCC886', 1, 1, 1, 12, 9, 0, 0, 0, 0, 'MPM STORE 19 ', '0000-00-00 00:00:00', '0000-00-00 00:00:00'),
(537, 'MOTOROLA GP328 HANDHELD UHF RADIO', 'TMA7145', 1, 3, 1, 12, 9, 0, 0, 0, 0, 'MPM WS 20 ', '0000-00-00 00:00:00', '0000-00-00 00:00:00'),
(538, 'MOTOROLA GP328 HANDHELD UHF RADIO', 'TMCC884', 1, 3, 1, 12, 9, 0, 0, 0, 0, 'MPM WS 21 ', '0000-00-00 00:00:00', '0000-00-00 00:00:00'),
(539, 'MOTOROLA GP328 HANDHELD UHF RADIO', 'TMA7168', 1, 3, 1, 12, 9, 0, 0, 0, 0, 'MPM WS 22 ', '0000-00-00 00:00:00', '0000-00-00 00:00:00'),
(540, 'MOTOROLA GP328 HANDHELD UHF RADIO', 'TMA6791', 1, 3, 1, 12, 9, 0, 0, 0, 0, 'TVM STORE 1 ', '0000-00-00 00:00:00', '0000-00-00 00:00:00'),
(541, 'MOTOROLA GP328 HANDHELD UHF RADIO', 'TMA7485', 1, 3, 1, 12, 9, 0, 0, 0, 0, 'TVM STORE 2 ', '0000-00-00 00:00:00', '0000-00-00 00:00:00'),
(542, 'MOTOROLA GP328 HANDHELD UHF RADIO', 'TMA7362', 1, 3, 1, 12, 9, 0, 0, 0, 0, 'TVM STORE 3 ', '0000-00-00 00:00:00', '0000-00-00 00:00:00'),
(543, 'MOTOROLA GP328 HANDHELD UHF RADIO', 'TMA7498', 1, 3, 1, 12, 9, 0, 0, 0, 0, 'TVM STORE 4 ', '0000-00-00 00:00:00', '0000-00-00 00:00:00'),
(544, 'MOTOROLA GP328 HANDHELD UHF RADIO', 'TMCC751', 1, 3, 1, 12, 9, 0, 0, 0, 0, 'TVM STORE 5 ', '0000-00-00 00:00:00', '0000-00-00 00:00:00'),
(545, 'MOTOROLA GP328 HANDHELD UHF RADIO', 'TMA7133', 1, 3, 1, 12, 9, 0, 0, 0, 0, 'TVM STORE 6 ', '0000-00-00 00:00:00', '0000-00-00 00:00:00');

-- --------------------------------------------------------

--
-- Table structure for table `status`
--

CREATE TABLE `status` (
  `id` int(11) NOT NULL,
  `name` varchar(255) NOT NULL,
  `level` int(11) NOT NULL,
  `timestamp` timestamp NOT NULL DEFAULT current_timestamp()
) ENGINE=InnoDB DEFAULT CHARSET=utf8mb4;

--
-- Dumping data for table `status`
--

INSERT INTO `status` (`id`, `name`, `level`, `timestamp`) VALUES
(1, 'GOOD', 1, '2022-10-28 14:15:05'),
(2, 'GOOD BUT MINOR ISSUES', 2, '2022-10-28 14:15:27'),
(3, 'FAULTY', 3, '2022-10-28 14:15:47'),
(4, 'COMPANY SERVICE', 4, '2022-10-28 14:16:04'),
(5, 'BEYOND ECONOMIC REPAIR', 5, '2022-10-28 14:16:19');

-- --------------------------------------------------------

--
-- Table structure for table `subdivision`
--

CREATE TABLE `subdivision` (
  `id` int(11) NOT NULL,
  `name` varchar(255) NOT NULL,
  `timestamp` timestamp NOT NULL DEFAULT current_timestamp()
) ENGINE=InnoDB DEFAULT CHARSET=utf8mb4;

--
-- Dumping data for table `subdivision`
--

INSERT INTO `subdivision` (`id`, `name`, `timestamp`) VALUES
(1, 'HQ', '0000-00-00 00:00:00'),
(2, 'Malappuram', '0000-00-00 00:00:00'),
(3, 'Kondotty', '0000-00-00 00:00:00'),
(4, 'Perinthalmanna', '0000-00-00 00:00:00'),
(5, 'Nilambur', '0000-00-00 00:00:00'),
(6, 'Tirur', '0000-00-00 00:00:00'),
(7, 'Thanur', '0000-00-00 00:00:00');

-- --------------------------------------------------------

--
-- Table structure for table `transaction`
--

CREATE TABLE `transaction` (
  `id` int(11) NOT NULL,
  `product_id` int(11) NOT NULL,
  `location_id` int(11) NOT NULL,
  `dep_point_id` int(11) NOT NULL,
  `status_id` int(11) NOT NULL,
  `remarks` varchar(255) DEFAULT NULL,
  `date` date DEFAULT NULL,
  `update_date` datetime DEFAULT NULL,
  `timestamp` timestamp NOT NULL DEFAULT current_timestamp()
) ENGINE=InnoDB DEFAULT CHARSET=utf8mb4;

--
-- Dumping data for table `transaction`
--

INSERT INTO `transaction` (`id`, `product_id`, `location_id`, `dep_point_id`, `status_id`, `remarks`, `date`, `update_date`, `timestamp`) VALUES
(1, 30, 14, 2, 1, '', '2022-11-09', NULL, '2022-10-31 05:20:41'),
(2, 49, 24, 2, 1, '', '2022-11-01', NULL, '2022-10-31 05:21:11'),
(3, 30, 14, 3, 1, '', '2022-10-31', NULL, '2022-10-31 05:24:18'),
(4, 49, 22, 4, 1, '', '2022-10-26', NULL, '2022-10-31 06:01:32'),
(5, 30, 35, 3, 3, 'testing', '2022-09-26', NULL, '2022-10-31 13:41:36'),
(6, 30, 12, 3, 4, 'dd', '2022-11-10', NULL, '2022-10-31 13:42:12'),
(7, 30, 13, 3, 1, '', '2022-11-11', NULL, '2022-10-31 13:44:04'),
(8, 30, 11, 3, 1, 'F', '2022-10-03', NULL, '2022-10-31 13:44:30'),
(9, 30, 9, 3, 1, '', '2022-09-26', NULL, '2022-10-31 13:46:31'),
(10, 30, 7, 3, 1, '', '2022-09-25', NULL, '2022-10-31 13:52:08'),
(11, 30, 7, 3, 1, '', '2022-09-25', NULL, '2022-10-31 13:52:40'),
(12, 30, 5, 3, 1, '', '2022-10-04', NULL, '2022-10-31 13:53:16'),
(13, 30, 4, 3, 1, '', '2022-09-25', NULL, '2022-10-31 13:58:19'),
(14, 30, 4, 3, 1, '', '2022-09-25', NULL, '2022-10-31 13:58:42'),
(15, 30, 4, 3, 1, '', '2022-09-25', NULL, '2022-10-31 14:05:16'),
(16, 30, 4, 3, 1, '', '2022-09-25', NULL, '2022-10-31 14:06:19'),
(17, 30, 1, 3, 1, '', '2022-09-26', NULL, '2022-10-31 14:46:48'),
(18, 30, 1, 1, 1, '', '2022-09-25', NULL, '2022-10-31 14:47:15'),
(19, 30, 1, 3, 1, 'ok', '2022-11-16', NULL, '2022-10-31 14:47:37'),
(20, 30, 2, 3, 1, 'F', '2022-11-16', NULL, '2022-10-31 14:48:07'),
(21, 30, 5, 3, 1, '', '2022-11-16', NULL, '2022-10-31 14:51:15');

-- --------------------------------------------------------

--
-- Table structure for table `users`
--

CREATE TABLE `users` (
  `id` int(11) UNSIGNED NOT NULL,
  `name` varchar(60) NOT NULL,
  `username` varchar(50) NOT NULL,
  `password` varchar(255) NOT NULL,
  `user_level` int(11) NOT NULL,
  `image` varchar(255) DEFAULT 'no_image.jpg',
  `status` int(1) NOT NULL,
  `last_login` datetime DEFAULT NULL,
  `timestamp` timestamp NOT NULL DEFAULT current_timestamp()
) ENGINE=InnoDB DEFAULT CHARSET=latin1;

--
-- Dumping data for table `users`
--

INSERT INTO `users` (`id`, `name`, `username`, `password`, `user_level`, `image`, `status`, `last_login`, `timestamp`) VALUES
(1, 'MOHAMMED JASEEM K', 'jaseem', 'e7e91288bfabed24c9c2875b2e058d8a69bf0ad9', 1, 'gvqxgfo01.jpeg', 1, '2022-10-31 20:15:51', '2022-10-21 12:46:15'),
(2, 'BAIJU AO', 'baiju', '13bc54b6a760fd5662e44fb803d32eeeb6600fc8', 2, 'no_image.jpg', 1, '2022-10-26 11:57:48', '2022-10-21 12:46:15'),
(3, 'MUFEED PC', 'mufeed', 'c7b3fc74aba257caaf282aeb923ae88882935194', 3, 'no_image.jpg', 1, '2022-10-25 09:41:08', '2022-10-21 12:46:15');

-- --------------------------------------------------------

--
-- Table structure for table `user_groups`
--

CREATE TABLE `user_groups` (
  `id` int(11) NOT NULL,
  `group_name` varchar(150) NOT NULL,
  `group_level` int(11) NOT NULL,
  `group_status` int(1) NOT NULL,
  `timestamp` timestamp NOT NULL DEFAULT current_timestamp()
) ENGINE=InnoDB DEFAULT CHARSET=latin1;

--
-- Dumping data for table `user_groups`
--

INSERT INTO `user_groups` (`id`, `group_name`, `group_level`, `group_status`, `timestamp`) VALUES
(1, 'Admin', 1, 1, '2022-10-21 12:46:32'),
(2, 'Store', 2, 1, '2022-10-21 12:46:32'),
(3, 'Men', 3, 1, '2022-10-21 12:46:32');

--
-- Indexes for dumped tables
--

--
-- Indexes for table `availability`
--
ALTER TABLE `availability`
  ADD PRIMARY KEY (`id`);

--
-- Indexes for table `brand`
--
ALTER TABLE `brand`
  ADD PRIMARY KEY (`id`);

--
-- Indexes for table `categories`
--
ALTER TABLE `categories`
  ADD PRIMARY KEY (`id`),
  ADD UNIQUE KEY `name` (`name`);

--
-- Indexes for table `dep_point`
--
ALTER TABLE `dep_point`
  ADD PRIMARY KEY (`id`);

--
-- Indexes for table `location`
--
ALTER TABLE `location`
  ADD PRIMARY KEY (`id`),
  ADD KEY `subdivision_id` (`subdivision_id`);

--
-- Indexes for table `media`
--
ALTER TABLE `media`
  ADD PRIMARY KEY (`id`),
  ADD KEY `id` (`id`);

--
-- Indexes for table `model`
--
ALTER TABLE `model`
  ADD PRIMARY KEY (`id`);

--
-- Indexes for table `products`
--
ALTER TABLE `products`
  ADD PRIMARY KEY (`id`),
  ADD KEY `media_id` (`media_id`),
  ADD KEY `availabilty_id` (`availability_id`),
  ADD KEY `status_id` (`status_id`),
  ADD KEY `location_id` (`location_id`),
  ADD KEY `dep_point_id` (`dep_point_id`),
  ADD KEY `brand_id` (`brand_id`),
  ADD KEY `model_id` (`model_id`),
  ADD KEY `categorie_id` (`categorie_id`);

--
-- Indexes for table `status`
--
ALTER TABLE `status`
  ADD PRIMARY KEY (`id`);

--
-- Indexes for table `subdivision`
--
ALTER TABLE `subdivision`
  ADD PRIMARY KEY (`id`);

--
-- Indexes for table `transaction`
--
ALTER TABLE `transaction`
  ADD PRIMARY KEY (`id`),
  ADD KEY `product_id` (`product_id`),
  ADD KEY `location_id` (`location_id`),
  ADD KEY `dep-point_id` (`dep_point_id`),
  ADD KEY `status_id` (`status_id`);

--
-- Indexes for table `users`
--
ALTER TABLE `users`
  ADD PRIMARY KEY (`id`),
  ADD KEY `user_level` (`user_level`);

--
-- Indexes for table `user_groups`
--
ALTER TABLE `user_groups`
  ADD PRIMARY KEY (`id`),
  ADD UNIQUE KEY `group_level` (`group_level`);

--
-- AUTO_INCREMENT for dumped tables
--

--
-- AUTO_INCREMENT for table `availability`
--
ALTER TABLE `availability`
  MODIFY `id` int(11) NOT NULL AUTO_INCREMENT, AUTO_INCREMENT=3;

--
-- AUTO_INCREMENT for table `brand`
--
ALTER TABLE `brand`
  MODIFY `id` int(11) NOT NULL AUTO_INCREMENT, AUTO_INCREMENT=11;

--
-- AUTO_INCREMENT for table `categories`
--
ALTER TABLE `categories`
  MODIFY `id` int(11) UNSIGNED NOT NULL AUTO_INCREMENT, AUTO_INCREMENT=10;

--
-- AUTO_INCREMENT for table `dep_point`
--
ALTER TABLE `dep_point`
  MODIFY `id` int(11) NOT NULL AUTO_INCREMENT, AUTO_INCREMENT=7;

--
-- AUTO_INCREMENT for table `location`
--
ALTER TABLE `location`
  MODIFY `id` int(11) NOT NULL AUTO_INCREMENT, AUTO_INCREMENT=38;

--
-- AUTO_INCREMENT for table `media`
--
ALTER TABLE `media`
  MODIFY `id` int(11) UNSIGNED NOT NULL AUTO_INCREMENT;

--
-- AUTO_INCREMENT for table `model`
--
ALTER TABLE `model`
  MODIFY `id` int(11) NOT NULL AUTO_INCREMENT, AUTO_INCREMENT=16;

--
-- AUTO_INCREMENT for table `products`
--
ALTER TABLE `products`
  MODIFY `id` int(11) UNSIGNED NOT NULL AUTO_INCREMENT, AUTO_INCREMENT=546;

--
-- AUTO_INCREMENT for table `status`
--
ALTER TABLE `status`
  MODIFY `id` int(11) NOT NULL AUTO_INCREMENT, AUTO_INCREMENT=6;

--
-- AUTO_INCREMENT for table `subdivision`
--
ALTER TABLE `subdivision`
  MODIFY `id` int(11) NOT NULL AUTO_INCREMENT, AUTO_INCREMENT=8;

--
-- AUTO_INCREMENT for table `transaction`
--
ALTER TABLE `transaction`
  MODIFY `id` int(11) NOT NULL AUTO_INCREMENT, AUTO_INCREMENT=22;

--
-- AUTO_INCREMENT for table `users`
--
ALTER TABLE `users`
  MODIFY `id` int(11) UNSIGNED NOT NULL AUTO_INCREMENT, AUTO_INCREMENT=4;

--
-- AUTO_INCREMENT for table `user_groups`
--
ALTER TABLE `user_groups`
  MODIFY `id` int(11) NOT NULL AUTO_INCREMENT, AUTO_INCREMENT=4;

--
-- Constraints for dumped tables
--

--
-- Constraints for table `users`
--
ALTER TABLE `users`
  ADD CONSTRAINT `FK_user` FOREIGN KEY (`user_level`) REFERENCES `user_groups` (`group_level`) ON DELETE CASCADE ON UPDATE CASCADE;
COMMIT;

/*!40101 SET CHARACTER_SET_CLIENT=@OLD_CHARACTER_SET_CLIENT */;
/*!40101 SET CHARACTER_SET_RESULTS=@OLD_CHARACTER_SET_RESULTS */;
/*!40101 SET COLLATION_CONNECTION=@OLD_COLLATION_CONNECTION */;
